,标的物名称,城市名称,行政区名称,小区名称,房屋坐落,房屋面积,所在楼层,总楼层,朝向,是否有电梯,户型,产权证号,规划用途,price_date,建成时间,装修程度,房屋性质,登记机关,bedrooms,livingrooms,restrooms
0,海淀区永定路乙1号院9号楼8层902,北京,海淀区,海淀区永定路乙1号院9号楼,北京市海淀区海淀区永定路乙1号院9号楼,212.24 平方米,8,10,南,是,4室2厅3卫,京房权证海私移字第0085004号,10住宅,2021-01-21,,,,,4,2,3
1,北京市东城区兴化路6号院3号楼15层1503:102.44(㎡),北京,东城区,大龙公寓,北京市东城区兴化路6号院3号楼15层1503,102.44 平方米,15,21,东南,是,2室1厅1卫,京（2018）东不动产权第0013104号,住宅,2021-10-13,,,,,2,1,1
2,北京市东城区民主北街26号院2号楼6层20611:47.11(㎡),北京,东城区,城市亮点,北京市东城区民主北街26号院2号楼6层20611,47.11 平方米,6,12,西向,是,1室1厅1卫,京房权证崇私字第73003号,住宅,2020-10-27,,,,,1,1,1
3,北京市东城区竹杆胡同3号楼2层1单元201:73.28(㎡),北京,东城区,北竹杆胡同,北京市东城区竹杆胡同3号楼2层1单元201,73.28 平方米,2,11,南,是,2室1厅1卫,X京房权证东字第071717号,住宅,2021-08-26,,,,,2,1,1
4,"北京市丰台区丰葆路98号院二区4号楼-2至3层101号
:427.16(㎡)",北京,丰台区,中海九号公馆2区,北京市丰台区丰葆路98号院二区4号楼-2至3层101号,427.16 平方米,,5,南北通透,是,7室3厅5卫,X京房权证丰字第451831号,住宅,2021-04-01,,,,,7,3,5
5,北京市丰台区光彩路72号院6号楼1层1单元101:187.84(㎡),北京,丰台区,世华水岸,北京市丰台区光彩路72号院6号楼1层1单元101,187.84 平方米,1,17,南北通透,是,4室2厅3卫,X京房权证丰字第166818号,住宅,2021-03-09,,,,,4,2,3
6,北京市丰台区南三环东路甲8号4层405:145.44(㎡),北京市,丰台区,南三环东路甲8号,北京市丰台区南三环东路甲8号4层405,145.44 平方米,4,15,南北通透,是,3室2厅2卫,X京房权证丰字第075769号,住宅,2021-06-22,,,,,3,2,2
7,北京市丰台区南顶路281号楼3单元605号:161.57(㎡),北京,丰台区,南顶路小区,北京市丰台区南顶路281号楼3单元605号,161.57 平方米,6,22,南北通透,否,3室1厅1卫,X京房权证丰字第038344号,住宅,2021-04-19,,,,,3,1,1
8,北京市丰台区嘉园三里7号楼4层505:91.45(㎡),北京,丰台区,北京市丰台区嘉园三里,北京市丰台区嘉园三里7号楼4层505,91.45 平方米,4,26,西北,是,2室1厅1卫,X京房权证丰字第196985号,住宅,2021-12-24,,,,,2,1,1
9,北京市丰台区太平桥西里17号楼6层602号:60.9(㎡),北京,丰台区,北京市丰台区太平桥西里17号楼6层602号,北京市丰台区太平桥西里17号楼6层602号,60.9 平方米,6,23,东南,是,1室2厅1卫,X京房权证丰字第226616号,住宅,2021-04-16,,,,,1,2,1
10,"丰台区左安门外紫芳园二区2号楼11至12层3单元
1103:270.71(㎡)",北京,丰台区,紫芳园二区香园,丰台区左安门外紫芳园二区2号楼11至12层3单元1103,270.71 平方米,11,13,南北,否,5室3厅3卫,X京房权证丰字第073157号,住宅,2020-07-24,,,,,5,3,3
11,北京市丰台区康泽园14号楼18层1803:86.57(㎡),北京,丰台区,康泽园,北京市丰台区康泽园14号楼18层1803,86.57 平方米,18,22,东,是,2室1厅1卫,X京房权证丰字第163755号,住宅,2021-12-01,,,,,2,1,1
12,北京市丰台区建欣苑四里15号楼7单元602房,北京,丰台区,建欣苑,北京市丰台区建欣苑四里15号楼7单元602房,67.76 平方米,6,6,东,否,2室1厅1卫,京房权证丰私成字第129009号,10住宅,2021-01-29,,,,,2,1,1
13,丰台区新发地锦程园3号楼3层11单元302号:90.74(㎡),北京,丰台区,新发地锦程园,丰台区新发地锦程园3号楼3层11单元302号,90.74 平方米,3,14,南北,是,2室1厅1卫,京房权证丰私字第57155号,住宅,2020-11-25,,,,,2,1,1
14,北京市丰台区星河苑1号院21号楼4-702:131.76(㎡),北京,丰台区,星河苑1号院,北京市丰台区星河苑1号院21号楼4-702,131.76 平方米,7,11,南,是,3室2厅2卫,X京房权证丰字第063704号,住宅,2021-12-06,,,,,3,2,2
15,北京市丰台区百强大道10号楼5层1单元510:104.08(㎡),北京,丰台区,天龙华鹤A座,北京市丰台区百强大道10号楼5层1单元510,104.08 平方米,5,35,南,是,2室1厅1卫,X京房权证丰字第252643号,住宅,2020-12-21,,,,,2,1,1
16,"北京市丰台区石榴庄南里66号院6号楼2层3单元202号
:164.21(㎡)",北京,丰台区,世华水岸,北京市丰台区石榴庄南里66号院6号楼2层3单元202号,164.21 平方米,2,15,南北通透,是,3室2厅2卫,X京房权证丰字第302787号,住宅,2021-06-01,,,,,3,2,2
17,丰台区翠庭园8号楼2层1单元202号:115.12(㎡),北京,丰台区,翠庭园,丰台区翠庭园8号楼2层1单元202号,115.12 平方米,2,6,南北通透,否,3室1厅1卫,京房权证丰私字第47420号,住宅,2021-10-21,,,,,3,1,1
18,丰台区芳城园三区2号楼3层308号:74.29(㎡),北京,丰台区,芳城园三区,丰台区芳城园三区2号楼3层308号,74.29 平方米,3,25,西南,是,2室1厅1卫,京房权证丰私成字第87742号,住宅,2020-10-23,,,,,2,1,1
19,丰台区方庄蒲芳路9号4号楼8层2-801:136.21(㎡),北京,丰台区,GOGO新世代,丰台区方庄蒲芳路9号4号楼8层2-801,136.21 平方米,8,11,南北通透,是,3室1厅2卫,京房权证丰私字第152343号,住宅,2021-06-16,,,,,3,1,2
20,北京市丰台区西罗园二区10号楼1层107号:57.61(㎡),北京,丰台区,西罗园,北京市丰台区西罗园二区10号楼1层107号,57.61 平方米,1,20,西,是,2室1厅1卫,X京房权证丰字第243392号,住宅,2021-12-01,,,,,2,1,1
21,北京市丰台区顺八条8号院一区2号楼7层711:70.33(㎡),北京,丰台区,顺八条8号院,北京市丰台区顺八条8号院一区2号楼7层711,70.33 平方米,7,27,西南,否,2室1厅1卫,X京房权证丰字第301200号,住宅,2020-07-13,,,,,2,1,1
22,北京市丰台区骏景园北区2号楼18层1-1801:46.08(㎡),北京,丰台区,北京市丰台区骏景园北区,北京市丰台区骏景园北区2号楼18层1-1801,46.08 平方米,18,26,北,是,1室1厅1卫,X京房权证丰私字第013367号,住宅,2021-09-10,,,,,1,1,1
23,北京市大兴区上筑家园7号楼10层2单元1004:62.9(㎡),北京,大兴区,上筑家园,北京市大兴区上筑家园7号楼10层2单元1004,62.9 平方米,10,12,北,否,1室1厅1卫,X京房权证兴字第050587号,住宅,2021-09-06,,,,,1,1,1
24,大兴区亦庄镇贵园东里甲4号楼4层1-401:83.69(㎡),北京,大兴区,贵园东里,大兴区亦庄镇贵园东里甲4号楼4层1-401,83.69 平方米,4,6,南北通透,否,2室1厅1卫,京房权证兴私字第00179166号,住宅,2021-03-11,,,,,2,1,1
25,北京市大兴区团河苑南区9号楼6-201:67.5(㎡),北京,大兴区,北京市大兴区团河苑南区,北京市大兴区团河苑南区9号楼6-201,67.5 平方米,2,6,南北通透,否,2室1厅1卫,京房权证兴私字第00179883号,住宅,2021-04-20,,,,,2,1,1
26,北京市大兴区开泰东里1号楼8层1单元801:127.61(㎡),北京,大兴区,开泰东里,北京市大兴区开泰东里1号楼8层1单元801,127.61 平方米,8,10,南北通透,是,3室2厅2卫,X京房权证兴字第079025号,住宅,2021-10-11,,,,,3,2,2
27,大兴区旧宫镇上林苑4号楼6层4-602:72.2(㎡),北京,大兴区,上林苑,大兴区旧宫镇上林苑4号楼6层4-602,72.2 平方米,6,6,南北通透,否,1室1厅1卫,京房权证兴私字第092851号,住宅,2021-08-05,,,,,1,1,1
28,黄村镇林校北里甲1号2001号:101.8(㎡),北京,大兴区,黄村镇林校北里甲1号,黄村镇林校北里甲1号2001号,101.8 平方米,20,26,北向,否,2室1厅1卫,X京房权证兴字第099313号,住宅,2020-06-24,,,,,2,1,1
29,"北京市大兴区欣荣北大街45号院1号楼17层1702号:66.58(㎡
)",北京,大兴区,北京市大兴区欣荣北大街45号院,北京市大兴区欣荣北大街45号院1号楼17层1702号,66.58 平方米,17,19,东,是,1室0厅1卫,X京房权证兴字第086676号,住宅,2021-06-07,,,,,1,0,1
30,大兴区欣荣北大街45号院4号楼14层 1406:70.33(㎡),北京,大兴区,鸿坤理想城,大兴区欣荣北大街45号院4号楼14层 1406,70.33 平方米,14,20,南向,是,2室1厅1卫,X京房权证兴字第098995号,住宅,2020-11-09,,,,,2,1,1
31,北京市大兴区民顺路6号院4号楼2层2单元201:91.2(㎡),北京,大兴区,金色漫香郡,北京市大兴区民顺路6号院4号楼2层2单元201,91.2 平方米,2,9,南北通透,是,2室1厅1卫,X京房权证兴字第134736号,住宅,2021-10-13,,,,,2,1,1
32,海鑫北路18号院,北京,大兴区,海鑫北路18号院,北京市大兴区海鑫北路18号院1号楼6层2单元601室,90.39 平方米,6,11,南北,否,2室2厅1卫,X京房权证兴字第118344号,住宅,2020-05-26,,,,,2,2,1
33,大兴区育林街8号院3号楼10层1单元1001:128.21(㎡),北京,大兴区,大兴区育林街8号院3号楼,大兴区育林街8号院3号楼10层1单元1001,128.21 平方米,10,16,南北通透,是,3室1厅2卫,X京房权证兴字第147300号,住宅,2021-02-24,,,,,3,1,2
34,北京市大兴区芳源里10号楼4层6单元401:117.88(㎡),北京,大兴区,芳源里,北京市大兴区芳源里10号楼4层6单元401,117.88 平方米,4,9,南北通透,是,3室2厅2卫,X京房权证兴字第082121号,住宅,2021-11-03,,,,,3,2,2
35,北京市大兴区芳苑小区1号楼7层3单元701:90.87(㎡),北京,大兴区,芳苑小区,北京市大兴区芳苑小区1号楼7层3单元701,90.87 平方米,7,11,南北,是,2室1厅1卫,X京房权证兴字第152716号,住宅,2020-09-10,,,,,2,1,1
36,北京市大兴区芳苑小区4号楼7层5单元702:90.87(㎡),北京,大兴区,北京市大兴区芳苑小区4号楼,北京市大兴区芳苑小区4号楼7层5单元702,90.87 平方米,7,11,南北,是,2室1厅1卫,X京房权证兴字第110448号,住宅,2020-11-02,,,,,2,1,1
37,大兴区香留园231号楼1至3层2:230.35(㎡),北京,大兴区,香留园,大兴区香留园231号楼1至3层2,230.35 平方米,1,3,南北通透,否,4室2厅1卫,京房权证兴私字第00125032号,住宅,2020-12-09,,,,,4,2,1
38,三合南里,北京,大兴区,三合南里,北京市大兴区黄村镇三合南里26号楼2层2-202室,95.57 平方米,2,6,南北,否,2室2厅1卫,京房权证兴私字第029252号,住宅,2020-05-26,,,,,2,2,1
39,北京市大兴区黄村镇泰中花园7号楼13层1304:108.1(㎡),北京,大兴区,泰中花园,北京市大兴区黄村镇泰中花园7号楼13层1304,108.1 平方米,13,20,东北,是,2室1厅2卫,京房权证兴私字第00131311号,住宅,2021-08-26,,,,,2,1,2
40,北京市大兴区黄村镇清源西里38号楼1层2-101:51.16(㎡),北京,大兴区,清源西里,北京市大兴区黄村镇清源西里38号楼1层2-101,51.16 平方米,1,6,南北,否,2室1厅1卫,京房权证兴私字第026956号,住宅,2020-09-11,,,,,2,1,1
41,北京市密云区博世庄园9号楼6层602:152.22(㎡),北京,密云区,博世庄园,北京市密云区博世庄园9号楼6层602,152.22 平方米,6,6,南北,是,3室2厅2卫,京(2016)密云县不动产权第0015893号,住宅,2020-11-27,,,,,3,2,2
42,密云区开园小区13号楼18层1单元1801:104.94(㎡),北京,密云区,开园小区,密云区开园小区13号楼18层1单元1801,104.94 平方米,18,19,南北通透,是,2室1厅1卫,X京房权证密字第047357号,住宅,2020-12-15,,,,,2,1,1
43,密云区檀州家园西区4号楼3层3单元302:91.96(㎡),北京,密云区,密云区檀州家园西区4号楼3层3单元302,密云区檀州家园西区4号楼3层3单元302,91.96 平方米,3,6,南北通透,否,2室2厅1卫,京房权证密私字第40231号,住宅,2021-01-13,,,,,2,2,1
44,密云区花园路16号院5号楼6层2单元601:195.99(㎡),北京,密云区,密云区花园路16号院5号楼6层2单元601,密云区花园路16号院5号楼6层2单元601,195.99 平方米,6,13,南北通透,是,4室2厅2卫,X京房权证密字第067975号,住宅,2021-02-22,,,,,4,2,2
45,密云区阳光街385号院6号楼4层3单元401:107.93(㎡),北京,密云区,保利花园,密云区阳光街385号院6号楼4层3单元401,107.93 平方米,4,16,南北通透,否,2室2厅1卫,X京房权证密字第055257号,住宅,2021-05-24,,,,,2,2,1
46,"北京市平谷区平谷镇林荫家园20号楼4层（9）-402号
:129.1(㎡)",北京,平谷区,林荫家园,北京市平谷区平谷镇林荫家园20号楼4层（9）-402号,129.1 平方米,4,6,南北通透,否,3室1厅1卫,X京房权证平字第031812号,住宅,2021-07-16,,,,,3,1,1
47,7号楼1层2单元202:118.38(㎡),北京,延庆区,东关新区,7号楼1层2单元202,118.38 平方米,1,5,南,否,3室1厅2卫,京房权证延私字第11790号,住宅,2021-03-29,,,,,3,1,2
48,4号楼11层1101:95.13(㎡),北京,延庆区,尚书苑小区,4号楼11层1101,95.13 平方米,11,17,东,否,3室1厅1卫,京房权证延私字第25527号,成套住宅,2021-03-29,,,,,3,1,1
49,北京市延庆区康安小区4号楼2层一单元104:75.16(㎡),北京,延庆区,康安小区,北京市延庆区康安小区4号楼2层一单元104,75.16 平方米,2,6,南北通透,否,2室1厅1卫,京房权证延私字第07520号,住宅,2021-11-12,,,,,2,1,1
50,延庆镇东关新区7号楼3层1单元105:118.38(㎡),北京,延庆区,东关新区,延庆镇东关新区7号楼3层1单元105,118.38 平方米,3,5,南,否,3室1厅2卫,京（2019）延不动产权第0001914,住宅,2021-03-29,,,,,3,1,2
51,延庆区新兴小区9号楼1层五单元502:80.8(㎡),北京,延庆区,新兴小区,延庆区新兴小区9号楼1层五单元502,80.8 平方米,1,5,南北通透,否,2室1厅1卫,X京房权证延字第048842号,住宅,2021-07-08,,,,,2,1,1
52,10号楼5层509号:113.4(㎡),北京,延庆区,胜芳园,10号楼5层509号,113.4 平方米,5,6,南,否,3室1厅1卫,京房权证延私字第15110号,住宅,2021-03-29,,,,,3,1,1
53,北京市延庆区颍泽洲小区三区7号楼4层107:117.88(㎡),北京,延庆区,颍泽洲,北京市延庆区颍泽洲小区三区7号楼4层107,117.88 平方米,4,5,南北通透,否,3室1厅1卫,京房权证延私字第25341号,住宅,2021-10-11,,,,,3,1,1
54,怀柔区府前街9号院4号楼2层1单元201:108.8(㎡),北京,怀柔区,怀柔区府前街9号院4号楼2层1单元201,怀柔区府前街9号院4号楼2层1单元201,108.8 平方米,2,11,南北通透,是,3室1厅1卫,京（2018）怀不动产权第0012951号,住宅,2021-03-24,,,,,3,1,1
55,怀柔区开放路甲117号楼6层3-601:112.57(㎡),北京,怀柔区,开放路甲117号小区,怀柔区开放路甲117号楼6层3-601,112.57 平方米,6,6,西,否,3室1厅1卫,京房权证怀私移字第42742号,住宅,2021-04-12,,,,,3,1,1
56,怀柔区怡安园1号楼3层5-532:72.36(㎡),北京,怀柔区,怡安园,怀柔区怡安园1号楼3层5-532,72.36 平方米,3,6,南北通透,否,2室1厅1卫,X京房权证怀字第004366号,住宅,2021-04-01,,,,,2,1,1
57,怀柔区滨湖小区49号楼10层1单元1003:121.74(㎡),北京,怀柔区,怀柔区滨湖小区49号楼10层1单元1003,怀柔区滨湖小区49号楼10层1单元1003,121.74 平方米,10,13,南北,是,3室1厅1卫,（2019）怀不动产权第0000026,住宅,2020-10-27,,,,,3,1,1
58,怀柔区龙山东路2号院6号楼7层702:144.48(㎡),北京,怀柔区,龙山东路2号院,怀柔区龙山东路2号院6号楼7层702,144.48 平方米,7,25,南北通透,是,3室2厅2卫,京(2016)怀柔区不动产权第0014777号,住宅,2021-06-24,,,,,3,2,2
59,"北京市房山区城关街道九洲兴达家园B区13号楼3层1-301号
:114.13(㎡)",北京,房山区,九洲兴达家园,北京市房山区城关街道九洲兴达家园B区13号楼3层1-301号,114.13 平方米,3,6,南北通透,否,3室1厅1卫,X京房权证房字第154864号,住宅,2022-03-31,,,,,3,1,1
60,房山区房山永安西里21号楼2-204:58.61(㎡),北京,房山区,房山区房山永安西里,房山区房山永安西里21号楼2-204,58.61 平方米,2,6,西北,否,1室1厅1卫,京(2020)房不动产权第0026820号,住宅,2021-07-19,,,,,1,1,1
61,"北京市房山区窦店镇汇丰街3号院17号6层4单元
601:122.54(㎡)",北京,房山区,世界名园A区,北京市房山区窦店镇汇丰街3号院17号6层4单元601,122.54 平方米,6,6,东西,是,2室2厅1卫,X京房权证房字第064662号,住宅,2021-03-19,,,,,2,2,1
62,房山区窦店镇腾龙家园二区13号9层2单元901:142.75(㎡),北京,房山区,腾龙家园二区,房山区窦店镇腾龙家园二区13号9层2单元901,142.75 平方米,9,14,南北通透,是,3室2厅2卫,京(2018)房不动产权第0040294号,住宅,2022-03-23,,,,,3,2,2
63,"北京市房山区良乡地区体育场路6号3号楼3-401号:135.78(㎡
)",北京,房山区,良乡地区体育场路6号3号楼3-401号,北京市房山区良乡地区体育场路6号3号楼3-401号,135.78 平方米,4,6,南北通透,否,3室2厅2卫,京房权证房私字第0505935号,住宅,2021-05-20,,,,,3,2,2
64,"北京市房山区长阳镇大宁山庄三区19号楼2层2-
202:129.93(㎡)",北京,房山区,大宁山庄,北京市房山区长阳镇大宁山庄三区19号楼2层2-202,129.93 平方米,2,5,南北通透,否,2室1厅1卫,X京房权证房字第045119号,住宅,2021-05-24,,,,,2,1,1
65,"昌平区东小口镇北郊肿瘤医院宿舍6号楼6层1单元
602:61.55(㎡)",北京,昌平区,昌平区东小口镇北郊肿瘤医院宿舍,昌平区东小口镇北郊肿瘤医院宿舍6号楼6层1单元602,61.55 平方米,6,6,东,否,2室1厅1卫,X京房权证昌私字第343538号,住宅,2021-02-05,,,,,2,1,1
66,"北京市昌平区东小口镇天通东苑一区45号楼5层2单元
501:76.36(㎡)",北京,昌平区,北京市昌平区东小口镇天通东苑一区,北京市昌平区东小口镇天通东苑一区45号楼5层2单元501,76.36 平方米,5,7,南北通透,否,2室1厅1卫,X京房权证昌字第655839号,住宅,2021-01-19,,,,,2,1,1
67,"北京市昌平区东小口镇天通苑小区东苑7号楼26层
2:155.82(㎡)",北京,昌平区,天通苑小区东苑,北京市昌平区东小口镇天通苑小区东苑7号楼26层2,155.82 平方米,26,33,东,是,2室1厅1卫,X京房权证昌字第476949号,住宅,2021-11-08,,,,,2,1,1
68,"北京市昌平区东小口镇天通苑小区二区1号楼3层1单元
301:127.9(㎡)",北京,昌平区,天通苑小区二区,北京市昌平区东小口镇天通苑小区二区1号楼3层1单元301,127.9 平方米,3,6,南北通透,否,3室1厅2卫,X京房权证昌私字第321762号,住宅,2021-01-06,,,,,3,1,2
69,"北京市昌平区北七家镇北亚花园16号楼1层1单元1A号
:79.48(㎡)",北京,昌平区,北亚花园,北京市昌平区北七家镇北亚花园16号楼1层1单元1A号,79.48 平方米,1,6,东西,否,2室1厅1卫,京房权证昌私字第260218号,住宅,2021-05-26,,,,,2,1,1
70,"昌平区北七家镇名佳花园三区41号楼4层2单元
242:109.43(㎡)",北京,昌平区,名佳花园三区,昌平区北七家镇名佳花园三区41号楼4层2单元242,109.43 平方米,4,6,南北通透,否,2室2厅1卫,X京房权证昌私字第343772号,住宅,2021-07-21,,,,,2,2,1
71,"北京市昌平区北七家镇燕城苑14号楼3层1单元
301:107.65(㎡)",北京,昌平区,北京市昌平区北七家镇燕城苑,北京市昌平区北七家镇燕城苑14号楼3层1单元301,107.65 平方米,3,6,南北通透,否,3室1厅1卫,京（2016）昌平区不动产权第0038216号,住宅,2021-05-14,,,,,3,1,1
72,"北京市昌平区回龙观镇东村家园5号楼7至8层4单元
701:120.39(㎡)",北京,昌平区,东村家园,北京市昌平区回龙观镇东村家园5号楼7至8层4单元701,120.39 平方米,7,9,南北通透,是,3室2厅2卫,X京房权证昌字第379633号,住宅,2021-09-10,,,,,3,2,2
73,"昌平区回龙观镇二拨子村北京人家16号楼1层1单元
102:117.41(㎡)",北京,昌平区,北京人家,昌平区回龙观镇二拨子村北京人家16号楼1层1单元102,117.41 平方米,1,6,南北通透,否,3室1厅1卫,京房权证昌私移字第203533号,住宅,2021-06-17,,,,,3,1,1
74,"北京市昌平区回龙观镇二拨子村南（北京市八一农机学校）2号
楼1层1单元111:116.95(㎡)",北京,昌平区,北京市农业职业学院校内,"北京市昌平区回龙观镇二拨子村南（北京市八一农机学校）2号
楼1层1单元111",116.95 平方米,1,6,南北通透,否,3室1厅1卫,京（2021）昌不动产权第0018024号,住宅,2021-05-12,,,,,3,1,1
75,北京市昌平区回龙观镇金达园小区1号楼2层208:49.31(㎡),北京,昌平区,金达园,北京市昌平区回龙观镇金达园小区1号楼2层208,49.31 平方米,2,2,南北通透,否,1室1厅1卫,X京房权证昌字第406721号,住宅,2021-04-13,,,,,1,1,1
76,"北京市昌平区回龙观镇龙禧苑三区15号楼2层3单元
202:99.52(㎡)",北京,昌平区,北店嘉园,北京市昌平区回龙观镇龙禧苑三区15号楼2层3单元202,99.52 平方米,2,8,南北通透,否,2室1厅1卫,京(2016)昌平区不动产权第0051353号,住宅,2021-01-26,,,,,2,1,1
77,昌平区天权路2号院28号楼7层4单元701:97.8(㎡),北京,昌平区,金色漫香苑,昌平区天权路2号院28号楼7层4单元701,97.8 平方米,7,8,南北通透,是,2室1厅1卫,X京房权证昌字第646715号,住宅,2021-12-07,,,,,2,1,1
78,北京市昌平区天通中苑61号楼12层4单元1202:157.83(㎡),北京,昌平区,天通中苑,北京市昌平区天通中苑61号楼12层4单元1202,157.83 平方米,12,17,南北通透,是,3室2厅2卫,X京房权证昌字第680098号、X京房权证昌字第680099号,住宅,2021-06-25,,,,,3,2,2
79,"北京市昌平区小汤山镇沙顺路68号（翰宏花园）1-43号-1至
2层:360.78(㎡)",北京,昌平区,纳帕溪谷,"北京市昌平区小汤山镇沙顺路68号（翰宏花园）1-43号-1至
2层",360.78 平方米,,3,南北通透,否,4室2厅3卫,京（2016）昌平区不动产权第0013558号,住宅,2022-02-28,,,,,4,2,3
80,"北京市昌平区政府街6号院6号楼14至15层1单元
15A03:302.21(㎡)",北京,昌平区,新新公寓,北京市昌平区政府街6号院6号楼14至15层1单元15A03,302.21 平方米,14,16,南北通透,是,5室2厅4卫,X京房权证昌字第575480号,住宅,2021-01-19,,,,,5,2,4
81,北京市昌平区新悦家园13号楼4层2单元402:130.52(㎡),北京,昌平区,新悦家园,北京市昌平区新悦家园13号楼4层2单元402,130.52 平方米,4,6,南北通透,否,3室1厅1卫,X京房权证昌私字第355152号,住宅,2022-03-14,,,,,3,1,1
82,"北京市昌平区昌平镇水屯家园7号楼1单元-1层1单元
F102:73.58(㎡)",北京,昌平区,水屯家园,北京市昌平区昌平镇水屯家园7号楼1单元-1层1单元F102,73.58 平方米,-1,7,南北通透,否,2室1厅1卫,京房权证昌私移字第233081号,住宅,2022-04-08,,,,,2,1,1
83,北京市昌平区沙阳路32号院8号楼3层2单元301:51.11(㎡),北京,昌平区,保利芳园,北京市昌平区沙阳路32号院8号楼3层2单元301,51.11 平方米,3,19,南北通透,是,2室1厅1卫,京（2016）昌平区不动产权第0042311号,住宅,2021-12-20,,,,,2,1,1
84,"北京市昌平区龙域东一路8号院3号楼19层一单元
1903:87.51(㎡)",北京,昌平区,北京市昌平区龙域东一路8号院3号楼19层一单元1903,北京市昌平区龙域东一路8号院3号楼19层一单元1903,87.51 平方米,19,30,南,是,2室1厅1卫,京（2016）昌平区不动产权第0073070号,住宅,2021-08-02,,,,,2,1,1
85,北京市朝阳区万科星园1号楼2102号:275.28(㎡),北京,朝阳区,北京市朝阳区万科星园,北京市朝阳区万科星园1号楼2102号,275.28 平方米,18,20,南,是,4室3厅4卫,京(2015)朝阳区不动产权第0017749号,住宅,2021-07-20,,,,,4,3,4
86,北京市朝阳区世纪东方嘉园210楼2层201:133(㎡),北京,朝阳区,世纪东方城,北京市朝阳区世纪东方嘉园210楼2层201,133 平方米,2,23,东南,否,3室2厅2卫,京房权证朝私07字第245452号,住宅,2020-11-11,,,,,3,2,2
87,东三环中路39号院7号楼16层1903:288.99(㎡),北京,朝阳区,建外SOHO,东三环中路39号院7号楼16层1903,288.99 平方米,16,26,东南,是,3室2厅3卫,X京房权证朝字第1086231号,高档公寓,2021-12-21,,,,,3,2,3
88,北京市朝阳区东三环北路30号21至22层二座26H:285.7(㎡),北京,朝阳区,紫荆豪庭,北京市朝阳区东三环北路30号21至22层二座26H,285.7 平方米,21,29,东南,是,5室2厅2卫,X京房权证朝字第1083660号,高档公寓,2020-12-25,,,,,5,2,2
89,北京市朝阳区东三环南路54号院3号楼21层2110:130.6(㎡),北京,朝阳区,北京市朝阳区东三环南路54号院,北京市朝阳区东三环南路54号院3号楼21层2110,130.6 平方米,21,30,南北通透,是,3室1厅2卫,京房权证朝私02字第16729号,住宅,2021-03-11,,,,,3,1,2
90,"北京市朝阳区东四环北路6号二区30号楼16层1902号
:253.44(㎡)",北京,朝阳区,安徒生花园,北京市朝阳区东四环北路6号二区30号楼16层1902号,253.44 平方米,16,32,南北通透,是,4室2厅3卫,X京房权证朝字第1034097号,住宅,2021-04-02,,,,,4,2,3
91,北京市朝阳区倚林佳园21号楼21-E号:246.87(㎡),北京,朝阳区,倚林佳园,北京市朝阳区倚林佳园21号楼21-E号,246.87 平方米,0,3,南北,否,3室2厅3卫,京房权证朝私05字第128683号,住宅,2020-01-20,,,,,3,2,3
92,北京市朝阳区八里庄南里13号楼5层2:71.94(㎡),北京,朝阳区,八里庄南里13号楼,北京市朝阳区八里庄南里13号楼5层2,71.94 平方米,5,18,南,是,2室1厅1卫,京房权证朝私字第292566号,住宅,2021-03-22,,,,,2,1,1
93,北京市朝阳区八里庄西里2号楼1层1J:79.36(㎡),北京,朝阳区,晨曦园,北京市朝阳区八里庄西里2号楼1层1J,79.36 平方米,1,27,西,是,2室1厅1卫,京（2016）朝阳区不动产权第0038241号,住宅,2021-11-04,,,,,2,1,1
94,北京市朝阳区六里屯北里6号楼6层7门602:54.32(㎡),北京,朝阳区,六里屯社区,北京市朝阳区六里屯北里6号楼6层7门602,54.32 平方米,6,6,南,否,2室1厅1卫,京（2016）朝阳区不动产权第0061215号,住宅,2021-10-09,,,,,2,1,1
95,北京市朝阳区农光东里33号楼8层803号:64.17(㎡),北京,朝阳区,农光东里,北京市朝阳区农光东里33号楼8层803号,64.17 平方米,8,18,东南,否,2室1厅1卫,京（2019）朝不动产权第0009602号,住宅,2020-06-22,,,,,2,1,1
96,北京市朝阳区劲松一区135号楼-1层2门01:37.19(㎡),北京,朝阳区,劲松一区,北京市朝阳区劲松一区135号楼-1层2门01,37.19 平方米,-1,6,南向,否,1室0厅1卫,京（2016）朝阳区不动产权第0139177号,住宅,2020-11-04,,,,,1,0,1
97,北京市朝阳区劲松八区835号楼4层3门12:61.3(㎡),北京,朝阳区,劲松八区835号楼,北京市朝阳区劲松八区835号楼4层3门12,61.3 平方米,4,6,东西,否,2室1厅1卫,京（2016）朝阳区不动产权第0075295号,住宅,2021-04-21,,,,,2,1,1
98,北京市朝阳区北苑路172号院19号楼18层1806号:180.93(㎡),北京,朝阳区,欧陆经典,北京市朝阳区北苑路172号院19号楼18层1806号,180.93 平方米,18,26,东北,是,4室2厅2卫,X京房权证朝字第1412074号,住宅,2021-03-23,,,,,4,2,2
99,北京市朝阳区十里堡北里1号楼2层201号:61.49(㎡),北京,朝阳区,北京市朝阳区十里堡北里1号楼,北京市朝阳区十里堡北里1号楼2层201号,61.49 平方米,2,21,西南,是,2室1厅1卫,京（2017）朝不动产权第0112036号,住宅,2021-10-20,,,,,2,1,1
100,北京市朝阳区南湖中园114号楼1层5单元102:71.28(㎡),北京,朝阳区,南湖中园一区,北京市朝阳区南湖中园114号楼1层5单元102,71.28 平方米,1,6,南北通透,否,2室1厅1卫,京房权证朝私06成本字第334879号,住宅,2021-08-16,,,,,2,1,1
101,北京市朝阳区南湖南路8号院2号楼3层4门303:145.55(㎡),北京,朝阳区,风格雅园,北京市朝阳区南湖南路8号院2号楼3层4门303,145.55 平方米,3,18,南北通透,是,3室2厅2卫,京房权证朝私字第47214号,住宅,2021-03-05,,,,,3,2,2
102,朝阳区南湖西园224号楼8层901:140.54(㎡),北京,朝阳区,朝阳区南湖西园224号楼,朝阳区南湖西园224号楼8层901,140.54 平方米,8,21,西北,是,3室1厅2卫,X京房权证朝字第1541277号,住宅,2021-08-26,,,,,3,1,2
103,"北京市朝阳区南磨房路16号院1号楼8层2单元803:148.11(㎡
)",北京,朝阳区,南磨房路16号院,北京市朝阳区南磨房路16号院1号楼8层2单元803,148.11 平方米,8,20,南北,是,3室1厅2卫,X京房权证朝字第891366号,住宅,2020-10-16,,,,,3,1,2
104,"北京市朝阳区双桥东路12号院3号楼11层3单元
1103:83.62(㎡)",北京,朝阳区,双桥东路12号院,北京市朝阳区双桥东路12号院3号楼11层3单元1103,83.62 平方米,11,16,东西,是,2室1厅1卫,X京房权证朝私字第533014号,住宅,2022-03-02,,,,,2,1,1
105,"北京市朝阳区向军北里28号院2号楼20层5单元
2302:233.46(㎡)",北京,朝阳区,向军北里28号院,北京市朝阳区向军北里28号院2号楼20层5单元2302,233.46 平方米,20,22,南北,是,5室2厅2卫,京（2017）朝不动产权第0010524号,住宅,2020-10-14,,,,,5,2,2
106,北京市朝阳区周庄山水文园4号楼6层8-602:221.33(㎡),北京,朝阳区,山水文园4号楼,北京市朝阳区周庄山水文园4号楼6层8-602,221.33 平方米,6,12,南北,否,5室3厅3卫,京房权证朝私06字第175779号,住宅,2020-08-04,,,,,5,3,3
107,北京市朝阳区呼家楼北街13号楼1层3单元131:61.45(㎡),北京,朝阳区,呼家楼北街13号楼,北京市朝阳区呼家楼北街13号楼1层3单元131,61.45 平方米,1,14,南北,是,2室1厅1卫,京（2018）朝不动产权第0064169号,住宅,2020-11-30,,,,,2,1,1
108,"北京市朝阳区四季星河中街1号院1号楼10层3单元1102号
:330.17(㎡)",北京,朝阳区,星河湾,北京市朝阳区四季星河中街1号院1号楼10层3单元1102号,330.17 平方米,10,31,南北,是,3室3厅4卫,X京房权证朝字第1349443号,住宅,2020-11-14,,,,,3,3,4
109,北京市朝阳区垡头翠成馨园503号楼26层2602:79.69(㎡),北京,朝阳区,翠成馨园,北京市朝阳区垡头翠成馨园503号楼26层2602,79.69 平方米,26,30,东向,是,2室1厅1卫,京（2018）朝不动产权第0030822号,住宅,2020-10-13,,,,,2,1,1
110,北京市朝阳区域清街2号院8号楼14层2单元1402:104.87(㎡),北京,朝阳区,域清街2号院,北京市朝阳区域清街2号院8号楼14层2单元1402,104.87 平方米,14,18,南北通透,是,2室1厅1卫,X京房权证朝私字第551329号,住宅,2021-06-22,,,,,2,1,1
111,北京市朝阳区天畅园4号楼30层3002:90.08(㎡),北京,朝阳区,天畅园,北京市朝阳区天畅园4号楼30层3002,90.08 平方米,30,32,东北,是,1室1厅1卫,X京房权证朝字第1420375号,住宅,2020-07-15,,,,,1,1,1
112,北京市朝阳区太阳宫南街25号院1号楼19层1193:96.88(㎡),北京,朝阳区,太阳宫南街,北京市朝阳区太阳宫南街25号院1号楼19层1193,96.88 平方米,19,29,南北通透,是,2室1厅2卫,X京房权证朝字第1387935号,住宅,2021-02-26,,,,,2,1,2
113,北京市朝阳区太阳宫金星园1号楼8层3-3084号:132.58(㎡),北京,朝阳区,太阳宫金星园1号楼,北京市朝阳区太阳宫金星园1号楼8层3-3084号,132.58 平方米,8,14,南北,否,3室2厅2卫,京房权证朝私05字第142103号,住宅,2020-08-31,,,,,3,2,2
114,北京市朝阳区安华里一区8号楼15层1501:84.41(㎡),北京,朝阳区,安华里一区,北京市朝阳区安华里一区8号楼15层1501,84.41 平方米,15,18,东南,是,3室1厅1卫,X京房权证朝字第1277515号,住宅,2021-03-25,,,,,3,1,1
115,北京市朝阳区安慧东里11号楼3层303:45.91(㎡),北京,朝阳区,安慧东里,北京市朝阳区安慧东里11号楼3层303,45.91 平方米,3,7,西,否,1室1厅1卫,京（2016）朝阳区不动产权第0095320号,住宅,2021-05-28,,,,,1,1,1
116,北京市朝阳区安贞西里四区8号楼6层3门601号:75.91(㎡),北京,朝阳区,安贞西里四区,北京市朝阳区安贞西里四区8号楼6层3门601号,75.91 平方米,6,6,南北通透,否,3室1厅1卫,京（2016）朝阳区不动产权第0171824号,住宅,2020-12-29,,,,,3,1,1
117,北京市朝阳区定福庄西里1号院14号楼2层3-201:70.96(㎡),北京,朝阳区,定福庄西里,北京市朝阳区定福庄西里1号院14号楼2层3-201,70.96 平方米,2,7,东西,否,2室1厅1卫,京房权证朝私成本字第266584号,住宅,2021-12-08,,,,,2,1,1
118,小庄6号1号楼28至29层3205:378.35(㎡),北京,朝阳区,纽约豪园,小庄6号1号楼28至29层3205,378.35 平方米,28,34,东南,是,5室2厅3卫,X京房权证朝字第1062438号,高档公寓,2021-03-18,,,,,5,2,3
119,北京市朝阳区小营路9号院2号楼4层412:134.37(㎡),北京,朝阳区,小营路9号院,北京市朝阳区小营路9号院2号楼4层412,134.37 平方米,4,26,北,是,3室1厅1卫,X京房权证朝字第1295283号,住宅,2021-04-19,,,,,3,1,1
120,朝阳区左安门外饮马井1号院1号楼12层1308:45.49(㎡),北京,朝阳区,新标家园,朝阳区左安门外饮马井1号院1号楼12层1308,45.49 平方米,12,26,北,否,1室1厅1卫,京房权证朝其06字第001753号,住宅,2022-03-22,,,,,1,1,1
121,"北京市朝阳区常通路4号院3号楼13层7单元1602号
:142.11(㎡)",北京,朝阳区,长楹天街,北京市朝阳区常通路4号院3号楼13层7单元1602号,142.11 平方米,13,21,南北通透,是,3室2厅2卫,X京房权证朝字第1387109号,住宅,2021-01-19,,,,,3,2,2
122,北京市朝阳区幸福二村39号楼13层2单元1306:92.03(㎡),北京,朝阳区,幸福二村,北京市朝阳区幸福二村39号楼13层2单元1306,92.03 平方米,13,21,东向,是,1室1厅1卫,X京房权证朝字第621123号,高档公寓,2020-09-08,,,,,1,1,1
123,"北京市朝阳区广渠门外大街3号院6号楼6至7层705号
:240.72(㎡)",北京,朝阳区,北京市朝阳区广渠门外大街3号院6号楼6至7层705号,北京市朝阳区广渠门外大街3号院6号楼6至7层705号,240.72 平方米,6,18,南北通透,是,3室3厅2卫,X京房权证朝字第1372350号,住宅,2021-03-25,,,,,3,3,2
124,北京市朝阳区康静里17号楼3层7门302:47(㎡),北京,朝阳区,康静里17号楼,北京市朝阳区康静里17号楼3层7门302,47 平方米,3,6,南,否,1室1厅1卫,X京房权证朝字第914374号,住宅,2021-03-25,,,,,1,1,1
125,北京市朝阳区建国路18号院5号楼24层2405:153.52(㎡),北京,朝阳区,建国路18号院,北京市朝阳区建国路18号院5号楼24层2405,153.52 平方米,24,33,南北通透,是,3室2厅2卫,X京房权证朝字第1456446号,住宅,2021-01-06,,,,,3,2,2
126,北京市朝阳区建国路18号院6号楼28层2801号:139.2(㎡),北京,朝阳区,珠江绿洲家园,北京市朝阳区建国路18号院6号楼28层2801号,139.2 平方米,28,33,南,是,3室1厅1卫,京（2016）朝不动产证明第0160270号,住宅,2021-11-26,,,,,3,1,1
127,北京市朝阳区建国路88号院10号楼23层2709,北京,朝阳区,SOHO现代城,北京市朝阳区建国路88号院10号楼23层2709,137.89 平方米,27,31,西,是,4室0厅0卫,京房权证市朝私字第2770262号,10住宅,2021-01-29,,,,,4,0,0
128,北京市朝阳区建国路88号院7号楼25至26层2801:260.44(㎡),北京,朝阳区,建国路88号院7,北京市朝阳区建国路88号院7号楼25至26层2801,260.44 平方米,25,42,北,是,3室1厅2卫,京（2016）朝阳区不动产权第0051640号,住宅,2020-12-30,,,,,3,1,2
129,北京市朝阳区弘善家园408号楼10层1012号:79.1(㎡),北京,朝阳区,弘善家园,北京市朝阳区弘善家园408号楼10层1012号,79.1 平方米,10,28,南向,是,2室1厅1卫,京（2017）朝不动产权第010748号,住宅,2020-11-19,,,,,2,1,1
130,北京市朝阳区惠民园10号楼15层1501号:118.23(㎡),北京,朝阳区,通惠家园惠民园,北京市朝阳区惠民园10号楼15层1501号,118.23 平方米,15,28,北向,否,3室1厅1卫,X京房权证朝字第1326775号,住宅,2020-08-31,,,,,3,1,1
131,北京市朝阳区慈云寺1号院1号楼6层601:147.69(㎡),北京,朝阳区,慈云家园1号院,北京市朝阳区慈云寺1号院1号楼6层601,147.69 平方米,6,31,东北,是,2室2厅2卫,京（2016）朝阳区不动产权第0099586号,住宅,2020-10-29,,,,,2,2,2
132,北京市朝阳区新东路10号楼5层607:218.27(㎡),北京,朝阳区,北京市朝阳区新东路10号楼5层607,北京市朝阳区新东路10号楼5层607,218.27 平方米,5,21,东南,否,3室1厅2卫,X京房权证朝字第1039585号,住宅,2022-03-18,,,,,3,1,2
133,朝阳区新东路4号楼9层903:58.29(㎡),北京,朝阳区,新东路,朝阳区新东路4号楼9层903,58.29 平方米,9,12,东,是,2室1厅1卫,京(2021)朝不动产权第0072389号,住宅,2022-03-01,,,,,2,1,1
134,北京市朝阳区望京东园109号楼14层9单元1702:73.55(㎡),北京,朝阳区,宝星国际二期,北京市朝阳区望京东园109号楼14层9单元1702,73.55 平方米,14,26,东,是,1室1厅1卫,京（2016）朝阳区不动产权第0010299号,住宅,2021-01-05,,,,,1,1,1
135,朝阳区望京东园110号楼15层12单元1801:155.53(㎡),北京,朝阳区,宝星园,朝阳区望京东园110号楼15层12单元1801,155.53 平方米,15,22,南北通透,否,3室1厅1卫,X京房权证朝私字第546661号,住宅,2020-12-04,,,,,3,1,1
136,"北京市朝阳区望京西路50号院8号楼22至23层2单元
2602:241.91(㎡)",北京,朝阳区,鹿港嘉苑,北京市朝阳区望京西路50号院8号楼22至23层2单元2602,241.91 平方米,23,25,南北通透,否,5室2厅2卫,X京房权证朝字第876555号,住宅,2021-09-29,,,,,5,2,2
137,北京市朝阳区朝阳公园路9号院2号楼5单元901号:389.4(㎡),北京,朝阳区,朝阳公园路九号公寓,北京市朝阳区朝阳公园路9号院2号楼5单元901号,389.4 平方米,8,11,东,否,4室3厅5卫,X京房权证朝字第719327号,住宅,2021-08-17,,,,,4,3,5
138,北京市朝阳区松榆东里18号楼3层2单元231:45.31(㎡),北京,朝阳区,松榆东里,北京市朝阳区松榆东里18号楼3层2单元231,45.31 平方米,3,6,南北,是,1室1厅1卫,X京房权证朝字第1184685号,住宅,2020-11-10,,,,,1,1,1
139,北京市朝阳区林泉街8号院6号楼7层2单元701号:115(㎡),北京,朝阳区,银谷美泉家园,北京市朝阳区林泉街8号院6号楼7层2单元701号,115 平方米,7,9,南北,否,2室2厅2卫,X京房权证朝字第996670,住宅,2020-04-22,,,,,2,2,2
140,北京市朝阳区林泉街8号院6号楼7层2单元701号:115(㎡),北京,朝阳区,银谷美泉家园,北京市朝阳区林泉街8号院6号楼7层2单元701号,115 平方米,7,9,南北,否,2室2厅2卫,X京房权证朝字第996670,住宅,2020-04-22,,,,,2,2,2
141,"朝阳区林萃西里28、29号楼及2号平台28号楼7层6-
702:130.97(㎡)",北京,朝阳区,朝阳区林萃西里28、29号楼及2号平台28号楼7层6-702,朝阳区林萃西里28、29号楼及2号平台28号楼7层6-702,130.97 平方米,7,15,南北通透,否,3室1厅1卫,x京房权证朝字第1235184号,住宅,2021-12-20,,,,,3,1,1
142,北京市朝阳区柳芳北街9号院1号楼3层2单元301:57.98(㎡),北京,朝阳区,柳芳北街,北京市朝阳区柳芳北街9号院1号楼3层2单元301,57.98 平方米,3,6,南北,否,1室1厅1卫,X京房权证朝字第1316245号,住宅,2020-11-20,,,,,1,1,1
143,北京市朝阳区武圣西里9号楼4单元203号:56.45(㎡),北京,朝阳区,武圣西里,北京市朝阳区武圣西里9号楼4单元203号,56.45 平方米,2,6,南北通透,否,2室1厅1卫,京房权证朝私字第119247号,住宅,2021-04-26,,,,,2,1,1
144,北京市朝阳区水岸中街19号院7号楼22层2203:127.49(㎡),北京,朝阳区,世华泊郡,北京市朝阳区水岸中街19号院7号楼22层2203,127.49 平方米,22,30,南北通透,是,3室2厅2卫,X京房权证朝字第1328780号,住宅,2022-01-21,,,,,3,2,2
145,北京市朝阳区水碓子北里1号楼3层1单元307:155.38(㎡),北京,朝阳区,北京市朝阳区水碓子北里1号楼,北京市朝阳区水碓子北里1号楼3层1单元307,155.38 平方米,3,23,北,是,3室2厅2卫,X京房权证朝字第1202341号,住宅,2020-12-29,,,,,3,2,2
146,北京市朝阳区水碓子北里1号楼9层1单元1001:163.15(㎡),北京,朝阳区,万科东第,北京市朝阳区水碓子北里1号楼9层1单元1001,163.15 平方米,9,23,北,是,3室2厅2卫,X京房权证朝字第1158494号,住宅,2020-12-29,,,,,3,2,2
147,朝阳区水郡长安家园1号院2号楼2层2单元206:56.35(㎡),北京,朝阳区,水郡长安家园1号院,朝阳区水郡长安家园1号院2号楼2层2单元206,56.35 平方米,2,22,北向,是,1室1厅1卫,X京房权证朝字第903223号,住宅,2020-11-06,,,,,1,1,1
148,北京市朝阳区永安里中街3号楼2层2-202:55.94(㎡),北京,朝阳区,永安里中街3号楼,北京市朝阳区永安里中街3号楼2层2-202,55.94 平方米,2,6,南北通透,否,2室1厅1卫,京（2017）朝不动产权第0082905号,住宅,2021-03-23,,,,,2,1,1
149,北京市朝阳区潘家园南里2号楼5层1单元503:69.68(㎡),北京,朝阳区,北京市朝阳区潘家园南里2号楼5层1单元503,北京市朝阳区潘家园南里2号楼5层1单元503,69.68 平方米,5,6,南北通透,否,2室1厅1卫,京（2019）朝不动产权第0019577号,住宅,2021-06-01,,,,,2,1,1
150,北京市朝阳区百子园1号楼14层C单元12B04房屋:131.96(㎡),北京,朝阳区,后现代城,北京市朝阳区百子园1号楼14层C单元12B04房屋,131.96 平方米,14,16,西南,否,3室1厅1卫,X京房权证朝字第1279323号,住宅,2020-11-05,,,,,3,1,1
151,"北京市朝阳区百子湾路16号百子园6号楼15层D单元
1502:51.07(㎡)",北京,朝阳区,后现代城B区,北京市朝阳区百子湾路16号百子园6号楼15层D单元1502,51.07 平方米,15,18,北,是,1室1厅1卫,京（2020）朝不动产权第0062718号,住宅,2022-01-06,,,,,1,1,1
152,北京市朝阳区百子湾路32号院2号楼12层1座1517:59.16(㎡),北京,朝阳区,北京市朝阳区百子湾路32号院2号楼12层1座1517,北京市朝阳区百子湾路32号院2号楼12层1座1517,59.16 平方米,12,24,南,是,1室0厅1卫,京(2018)朝不动产权第0021753号,住宅,2021-01-20,,,,,1,0,1
153,朝阳区石佛营西里21号楼8层7门813:69.24(㎡),北京,朝阳区,石佛营西里小区,朝阳区石佛营西里21号楼8层7门813,69.24 平方米,8,15,南北通透,是,2室1厅1卫,京（2017）朝不动产权第0087130号,住宅,2021-12-04,,,,,2,1,1
154,北京市朝阳区石佛营西里35号楼3层5门505号:62.18(㎡),北京,朝阳区,北京市朝阳区石佛营西里,北京市朝阳区石佛营西里35号楼3层5门505号,62.18 平方米,3,6,南北通透,否,2室1厅1卫,X京房权证朝字第1346650号,住宅,2021-02-07,,,,,2,1,1
155,北京市朝阳区科荟路8号1号楼9层903:205.44(㎡),北京,朝阳区,北京荣尊堡国际俱乐部公寓,北京市朝阳区科荟路8号1号楼9层903,205.44 平方米,9,26,东南,否,4室2厅3卫,X京房权证朝字第1488862号,住宅,2021-08-03,,,,,4,2,3
156,朝阳区科荟路8号1号楼9层904:205.44(㎡),北京,朝阳区,北京荣尊堡国际俱乐部公寓,朝阳区科荟路8号1号楼9层904,205.44 平方米,9,26,西南,否,4室2厅3卫,X京房权证朝字第1488860号,住宅,2021-08-03,,,,,4,2,3
157,朝阳区紫绶园4号楼8层8门801:84.1(㎡),北京,朝阳区,北京市朝阳区紫绶园,朝阳区紫绶园4号楼8层8门801,84.1 平方米,8,14,南北通透,是,2室1厅1卫,京房权证朝私02字第19736号,住宅,2021-04-20,,,,,2,1,1
158,朝阳区绿丰家园37号楼1层1单元102:81.23(㎡),北京,朝阳区,绿丰家园,朝阳区绿丰家园37号楼1层1单元102,81.23 平方米,1,7,南北通透,否,2室1厅1卫,京(2017)朝不动产权第0085417号,住宅,2021-07-09,,,,,2,1,1
159,北京市朝阳区芍药居北里317号楼3层3单元303:88.03(㎡),北京,朝阳区,芍药居北里,北京市朝阳区芍药居北里317号楼3层3单元303,88.03 平方米,3,23,南,是,2室1厅1卫,X京房权证朝字第1497572号,住宅,2020-12-29,,,,,2,1,1
160,北京市朝阳区芍药居北里317号楼6层2单元601:108.77(㎡),北京,朝阳区,芍药居北里317号楼,北京市朝阳区芍药居北里317号楼6层2单元601,108.77 平方米,6,23,南北通透,是,3室1厅1卫,X京房权证朝字第1467189号,住宅,2021-11-04,,,,,3,1,1
161,北京市朝阳区西大望路63号院2号楼8层1单元901:44.34(㎡),北京,朝阳区,东方雅苑,北京市朝阳区西大望路63号院2号楼8层1单元901,44.34 平方米,8,24,西,是,1室0厅1卫,X京房权证朝字第867774号,住宅,2022-01-05,,,,,1,0,1
162,"北京市朝阳区西大望路63号院4号楼16层1单元
1901:111.95(㎡)",北京,朝阳区,西大望路63号院,北京市朝阳区西大望路63号院4号楼16层1单元1901,111.95 平方米,16,24,南北通透,否,2室1厅2卫,X京房权证朝字第774869号,住宅,2021-01-18,,,,,2,1,2
163,北京市朝阳区西大望路三号院2号楼H单元2101号:154.96(㎡),北京,朝阳区,西大望路三号院,北京市朝阳区西大望路三号院2号楼H单元2101号,154.96 平方米,18,21,南北,是,3室2厅2卫,京房权证市朝私字第4030107号,住宅,2020-08-10,,,,,3,2,2
164,北京市朝阳区观音惠园14号楼3层4单元302号:56.58(㎡),北京,朝阳区,观音惠园,北京市朝阳区观音惠园14号楼3层4单元302号,56.58 平方米,3,6,南,否,1室1厅1卫,X京房权证朝字第1028263号,住宅,2021-07-06,,,,,1,1,1
165,"北京市朝阳区豆各庄5号院134号楼4至5层2门402号
:178.37(㎡)",北京,朝阳区,北京市朝阳区豆各庄5号院,北京市朝阳区豆各庄5号院134号楼4至5层2门402号,178.37 平方米,4,5,东西,否,3室2厅3卫,X京房权证朝字第1526123号,住宅,2021-08-04,,,,,3,2,3
166,北京市朝阳区雅成二里21号楼1单元2105号:221.33(㎡),北京,朝阳区,雅成二里,北京市朝阳区雅成二里21号楼1单元2105号,221.33 平方米,18,19,南北,否,3室2厅2卫,无,住宅,2020-08-31,,,,,3,2,2
167,"北京市朝阳区青年路西里3号院1号楼23层3单元
2701:144.47(㎡)",北京,朝阳区,国美第一城,北京市朝阳区青年路西里3号院1号楼23层3单元2701,144.47 平方米,23,30,南北通透,是,3室2厅1卫,京（2016）朝阳区不动产权第0045799号,住宅,2021-06-17,,,,,3,2,1
168,北京市朝阳区高碑店北路3号楼11层1101室:114.72(㎡),北京,朝阳区,都市经典家园,北京市朝阳区高碑店北路3号楼11层1101室,114.72 平方米,11,24,西北,是,3室1厅1卫,X京房权证朝字第922641号,住宅,2020-11-25,,,,,3,1,1
169,海淀区万寿寺中海紫金苑2号楼4层6门501:240.16(㎡),北京,海淀区,中海紫金苑,海淀区万寿寺中海紫金苑2号楼4层6门501,240.16 平方米,4,15,南北通透,是,4室2厅2卫,X京房权证海私字第008672号,住宅,2021-07-19,,,,,4,2,2
170,"北京市海淀区万柳万泉新新家园27号楼2层4单元
201:165.7(㎡)",北京,海淀区,万泉新新家园,北京市海淀区万柳万泉新新家园27号楼2层4单元201,165.7 平方米,2,6,南北通透,是,4室2厅3卫,X京房权证海私字第004071号,住宅,2020-12-10,,,,,4,2,3
171,海淀区万柳锋尚名居4号楼14层1402:155.13(㎡),北京,海淀区,锋尚名居,海淀区万柳锋尚名居4号楼14层1402,155.13 平方米,14,20,东北,是,4室2厅2卫,X京房权证海字第054739号,住宅,2021-06-02,,,,,4,2,2
172,北京市海淀区万柳锋尚名居5号楼1层1单元101:135.65(㎡),北京,海淀区,锋尚国际,北京市海淀区万柳锋尚名居5号楼1层1单元101,135.65 平方米,1,9,南北通透,是,3室1厅2卫,京（2020）海不动产权第0010210号,住宅,2022-01-21,,,,,3,1,2
173,北京市海淀区万泉河路68号紫金庄园1号楼9层908:67.37(㎡),北京,海淀区,紫金庄园,北京市海淀区万泉河路68号紫金庄园1号楼9层908,67.37 平方米,9,22,南,是,2室1厅1卫,京(2015)海淀区不动产权第0017394号,住宅,2021-07-08,,,,,2,1,1
174,"北京市海淀区万泉河路68号紫金庄园6号楼17层
1715:171.3(㎡)",北京,海淀区,紫金庄园,北京市海淀区万泉河路68号紫金庄园6号楼17层1715,171.3 平方米,17,22,东,是,3室1厅2卫,京（2017）海不动产权第0029819号,住宅,2021-12-23,,,,,3,1,2
175,海淀区上河村一区1号楼7层5单元702:178.74(㎡),北京,海淀区,鲁园上河村,海淀区上河村一区1号楼7层5单元702,178.74 平方米,7,17,南北通透,是,3室1厅2卫,X京房权证海字第311078号、第311079号,住宅,2022-03-31,,,,,3,1,2
176,海淀区中关村东南小区中关村922号楼6层2门604:57.3(㎡),北京,海淀区,东南小区,海淀区中关村东南小区中关村922号楼6层2门604,57.3 平方米,6,6,南,否,1室1厅1卫,京（2018）海不动产权第0058796号,住宅,2021-01-29,,,,,1,1,1
177,海淀区中关村南大街12号四区16号楼5层二单元505:54(㎡),北京,海淀区,中科院小区,海淀区中关村南大街12号四区16号楼5层二单元505,54 平方米,5,5,南北通透,否,2室1厅1卫,京房权证海私成字第150963号,住宅,2021-09-02,,,,,2,1,1
178,海淀区北坞嘉园北里36号楼4层3单元401:64.54(㎡),北京,海淀区,北坞嘉园北里,海淀区北坞嘉园北里36号楼4层3单元401,64.54 平方米,4,6,南北,否,1室1厅1卫,X京房权证海字第459191号,住宅,2020-11-26,,,,,1,1,1
179,北京市海淀区卧虎桥甲六号8号楼4层4单元401:63.8(㎡),北京,海淀区,北京市海淀区卧虎桥甲六号,北京市海淀区卧虎桥甲六号8号楼4层4单元401,63.8 平方米,4,5,南,否,2室1厅1卫,京（2017）海不动产权第0050162号,住宅,2021-01-26,,,,,2,1,1
180,北京市海淀区厂洼8号楼2层7门202:42.3(㎡),北京,海淀区,厂洼小区,北京市海淀区厂洼8号楼2层7门202,42.3 平方米,2,6,南,否,1室1厅1卫,京房权证海私成字第063227号,住宅,2021-08-30,,,,,1,1,1
181,海淀区厂洼西街10号院3号楼6层42门602:175.6(㎡),北京,海淀区,厂洼西街10号院,海淀区厂洼西街10号院3号楼6层42门602,175.6 平方米,6,6,南北通透,否,3室2厅2卫,京房权证海私成字第184941,住宅,2022-02-24,,,,,3,2,2
182,北京市海淀区双清路89号院2号楼9层1单元909:116.93(㎡),北京,海淀区,红杉国际公寓,北京市海淀区双清路89号院2号楼9层1单元909,116.93 平方米,9,22,西,是,2室1厅2卫,X京房权证海字第397607号,高档公寓,2021-05-19,,,,,2,1,2
183,北京市海淀区城华园1号楼13层1318号:62.15(㎡),北京,海淀区,城华园,北京市海淀区城华园1号楼13层1318号,62.15 平方米,13,29,北,是,1室1厅1卫,京（2020）海不动产权第0005981号,住宅,2021-11-08,,,,,1,1,1
184,北京市海淀区复兴路12号3栋5层4门39号:88.1(㎡),北京,海淀区,复兴路12号,北京市海淀区复兴路12号3栋5层4门39号,88.1 平方米,5,5,南北,否,3室1厅1卫,京（2017）海不动产权第0039995号,住宅,2020-11-24,,,,,3,1,1
185,北京市海淀区大柳树5号6层7门602:38.6(㎡),北京,海淀区,大柳树五号院,北京市海淀区大柳树5号6层7门602,38.6 平方米,6,6,南,否,1室1厅1卫,京（2018）海不动产权第0022046号,住宅,2021-01-05,,,,,1,1,1
186,北京市海淀区大柳树富海中心4号楼12层1206:153.58(㎡),北京,海淀区,富海中心,北京市海淀区大柳树富海中心4号楼12层1206,153.58 平方米,12,23,南,是,3室2厅2卫,京房权证海私移字第0048411号,住宅,2021-12-07,,,,,3,2,2
187,北京市海淀区天秀花园荷塘月舍9号楼3层3-302:149.85(㎡),北京,海淀区,荷塘月舍,北京市海淀区天秀花园荷塘月舍9号楼3层3-302,149.85 平方米,3,8,南,是,3室2厅2卫,京房权证海私移字第0016252号,住宅,2021-01-18,,,,,3,2,2
188,海淀区学清路16号学知园2号楼8层808号:121.3(㎡),北京,海淀区,学知园,海淀区学清路16号学知园2号楼8层808号,121.3 平方米,8,20,西北,是,3室1厅1卫,京房权证海私移字第056569号,住宅,2021-12-03,,,,,3,1,1
189,北京市海淀区学院南路32号院11号楼3层3门1号:69(㎡),北京,海淀区,学院南路32号院,北京市海淀区学院南路32号院11号楼3层3门1号,69 平方米,3,4,南北通透,否,2室1厅1卫,京（2017）海不动产证明第0024275号,住宅,2021-07-23,,,,,2,1,1
190,北京市海淀区学院路20号29号楼7层708:70.6(㎡),北京,海淀区,石油大院,北京市海淀区学院路20号29号楼7层708,70.6 平方米,7,16,西北,否,3室1厅1卫,X京房权证海字第323798号,住宅,2020-11-13,,,,,3,1,1
191,北京市海淀区安宁佳园5号楼3层303:52.59(㎡),北京,海淀区,安宁佳园,北京市海淀区安宁佳园5号楼3层303,52.59 平方米,3,21,东北,是,1室1厅1卫,X京房权证海字第078224号,住宅,2022-03-21,,,,,1,1,1
192,北京市海淀区定慧东里3号楼6层1门601:141.4(㎡),北京,海淀区,定慧东里,北京市海淀区定慧东里3号楼6层1门601,141.4 平方米,6,18,南北通透,是,3室2厅2卫,京房权证海私成字第095805号,住宅,2021-06-02,,,,,3,2,2
193,北京市海淀区宝盛里24号楼4层6门403:70.19(㎡),北京,海淀区,宝盛里小区,北京市海淀区宝盛里24号楼4层6门403,70.19 平方米,4,6,南北通透,否,2室1厅1卫,京（2016）海淀区不动产权第0017057号,住宅,2020-12-18,,,,,2,1,1
194,北京市海淀区常青园二区16号楼4层2门402:171.86(㎡),北京,海淀区,北京市海淀区常青园二区,北京市海淀区常青园二区16号楼4层2门402,171.86 平方米,4,7,南北通透,是,3室2厅2卫,京房权证海私移字第0081318号,住宅,2020-12-14,,,,,3,2,2
195,海淀区建材城东一里4号楼5层2单元503:94.5(㎡),北京,海淀区,建材城东一里,海淀区建材城东一里4号楼5层2单元503,94.5 平方米,5,6,南北通透,否,3室1厅1卫,京（2017）海不动产权第0018192号,住宅,2020-12-21,,,,,3,1,1
196,"北京市海淀区建材城中路1号南12号楼3层4门302:160.23(㎡
)",北京,海淀区,枫丹丽舍,北京市海淀区建材城中路1号南12号楼3层4门302,160.23 平方米,3,5,南北通透,否,3室1厅1卫,X京房权证海字第394113号,住宅,2022-04-01,,,,,3,1,1
197,北京市海淀区建材城西二里12号楼2层甲9单元201:80.2(㎡),北京,海淀区,建材城西二里,北京市海淀区建材城西二里12号楼2层甲9单元201,80.2 平方米,2,6,南北通透,否,3室1厅1卫,X京房权证海字第409285号,住宅,2021-12-20,,,,,3,1,1
198,"海淀区建材城西二里17号楼1层4单元102【海淀不动产】
:94.25(㎡)",北京,海淀区,知本时代,海淀区建材城西二里17号楼1层4单元102【海淀不动产】,94.25 平方米,1,8,南,否,1室1厅1卫,京 （2018）海不动产权第0055640号,住宅,2022-03-22,,,,,1,1,1
199,北京市海淀区德惠路1号院40号楼3层2单元318:386.26(㎡),北京,海淀区,西山壹号院,北京市海淀区德惠路1号院40号楼3层2单元318,386.26 平方米,3,8,南北,是,4室2厅4卫,京（2017）海不动产权第0029987号,住宅,2020-09-01,,,,,4,2,4
200,北京市海淀区德政路春晖园2号楼9层④-903:85.15(㎡),北京,海淀区,春晖园,北京市海淀区德政路春晖园2号楼9层④-903,85.15 平方米,9,10,南北通透,否,2室1厅1卫,X京房权证海字第090487号,住宅,2021-03-29,,,,,2,1,1
201,海淀区志新村37号楼5层3-503:59.57(㎡),北京,海淀区,志新村小区,海淀区志新村37号楼5层3-503,59.57 平方米,5,6,南北通透,否,2室1厅1卫,京（2016）海淀区不动产权第0037255号,住宅,2021-08-23,,,,,2,1,1
202,"北京市海淀区文慧园北路9号今典花园3号楼9层901:154.4(㎡
)",北京,海淀区,今典花园,北京市海淀区文慧园北路9号今典花园3号楼9层901,154.4 平方米,9,22,西,是,4室1厅2卫,X京房权证海字第240758号,住宅,2021-07-14,,,,,4,1,2
203,海淀区文慧园北路9号今典花园9号楼5层A座503:90.39(㎡),北京,海淀区,今典花园,海淀区文慧园北路9号今典花园9号楼5层A座503,90.39 平方米,5,28,西,是,2室1厅1卫,京放权证海私字第064506号,住宅,2021-08-26,,,,,2,1,1
204,北京市海淀区旱河路301号院9楼2单元201:160.49(㎡),北京,海淀区,西山美墅馆,北京市海淀区旱河路301号院9楼2单元201,160.49 平方米,2,4,南北通透,否,3室1厅1卫,京房权证市海私字第3630229号,住宅,2020-12-16,,,,,3,1,1
205,北京市海淀区曙光花园望山园1号楼15层18F:194.27(㎡),北京,海淀区,曙光花园望山园,北京市海淀区曙光花园望山园1号楼15层18F,194.27 平方米,15,16,南北通透,是,3室2厅2卫,X京房权证市私字第004142号,住宅,2020-12-01,,,,,3,2,2
206,"北京市海淀区板井路69号世纪金源国际公寓西区10层六单元
11D:210.24(㎡)",北京,海淀区,世纪金源国际公寓,"北京市海淀区板井路69号世纪金源国际公寓西区10层六单元
11D",210.24 平方米,10,18,南北通透,是,5室2厅2卫,X京房权证海字第502876号,住宅,2021-08-03,,,,,5,2,2
207,"海淀区板井路69号世纪金源国际公寓西区14层六单元
17A:245.79(㎡)",北京,海淀区,世纪金源国际公寓,海淀区板井路69号世纪金源国际公寓西区14层六单元17A,245.79 平方米,14,18,西北,否,4室2厅2卫,X京房权证海字第296227号,住宅,2021-08-24,,,,,4,2,2
208,北京市海淀区永泰庄路甲6号院2号楼6层5门602:43.3(㎡),北京,海淀区,永泰庄6号院,北京市海淀区永泰庄路甲6号院2号楼6层5门602,43.3 平方米,6,6,南,否,2室1厅1卫,京(2018)海不动产权第0024372号,住宅,2020-12-07,,,,,2,1,1
209,"北京市海淀区泉宗路2号万柳光大家园1号楼17层1701号房屋
:214.35(㎡)",北京,海淀区,万柳光大家园,北京市海淀区泉宗路2号万柳光大家园1号楼17层1701号房屋,214.35 平方米,17,18,北,是,3室1厅3卫,京房权证海私字第016093号,住宅,2020-12-01,,,,,3,1,3
210,"北京市海淀区泉宗路2号万柳光大家园1号楼17层1702号房屋
:181.52(㎡)",北京,海淀区,万柳光大家园,北京市海淀区泉宗路2号万柳光大家园1号楼17层1702号房屋,181.52 平方米,17,18,东,是,4室1厅2卫,京房权证海私字第016092号,住宅,2020-12-01,,,,,4,1,2
211,"北京市海淀区泉宗路2号万柳光大家园8号楼12层
1588:179.72(㎡)",北京,海淀区,光大花园,北京市海淀区泉宗路2号万柳光大家园8号楼12层1588,179.72 平方米,12,19,西南,否,4室2厅2卫,X京房权证海私字第009055号,住宅,2020-12-01,,,,,4,2,2
212,海淀区清河三街99号2号楼1层2单元211:81.5(㎡),北京,海淀区,清河砂轮小区,海淀区清河三街99号2号楼1层2单元211,81.5 平方米,1,5,南北通透,否,3室1厅1卫,X京房权证海字第142717号,住宅,2021-10-26,,,,,3,1,1
213,北京市海淀区玉海园小区15号楼6层5门602:130.5(㎡),北京,海淀区,玉海园五里,北京市海淀区玉海园小区15号楼6层5门602,130.5 平方米,6,6,东西,否,3室2厅2卫,京（2017）海不动产权第0045980号,住宅,2020-11-05,,,,,3,2,2
214,北京市海淀区甘家口34号楼1层3门103:60.9(㎡),北京,海淀区,甘家口小区,北京市海淀区甘家口34号楼1层3门103,60.9 平方米,1,9,南北通透,否,2室1厅1卫,京(2018)海不动产权第0017391号,住宅,2021-03-29,,,,,2,1,1
215,北京市海淀区畅茜园圣华里8号楼2层5单元5-202:126.68(㎡),北京,海淀区,北京市海淀区畅茜园圣华里8号楼2层5单元5-202,北京市海淀区畅茜园圣华里8号楼2层5单元5-202,126.68 平方米,2,14,南北通透,否,3室1厅2卫,X京房权证海字第403262号,住宅,2021-07-08,,,,,3,1,2
216,北京市海淀区白塔庵金谷园5号楼6层3门602:215.02(㎡),北京,海淀区,金谷园,北京市海淀区白塔庵金谷园5号楼6层3门602,215.02 平方米,6,6,南北通透,否,4室2厅2卫,京房权证海私字第035357号,住宅,2022-04-08,,,,,4,2,2
217,海淀区白家疃尚峰园5号楼5层1单元602:152.73(㎡),北京,海淀区,尚峰尚水尚峰园,海淀区白家疃尚峰园5号楼5层1单元602,152.73 平方米,5,11,南北,否,3室2厅2卫,X京房权证海字第448415号,住宅,2020-10-26,,,,,3,2,2
218,"北京市海淀区知春路17号知春嘉园3号楼19层1901:190.8(㎡
)",北京,海淀区,知春嘉园,北京市海淀区知春路17号知春嘉园3号楼19层1901,190.8 平方米,19,22,东北,是,5室2厅2卫,X京房权证海字第341921号,住宅,2021-06-22,,,,,5,2,2
219,北京市海淀区稻香园小区10号楼1层1-102号:92.02(㎡),北京,海淀区,稻香园,北京市海淀区稻香园小区10号楼1层1-102号,92.02 平方米,1,10,南北通透,是,2室1厅1卫,京房权证海私成字第075290号,住宅,2021-12-08,,,,,2,1,1
220,北京市海淀区紫瑞嘉园2号楼7层3单元802:325.04(㎡),北京,海淀区,紫瑞嘉园,北京市海淀区紫瑞嘉园2号楼7层3单元802,325.04 平方米,7,14,南北通透,是,4室2厅4卫,X京房权证海字第234551号,住宅,2021-03-08,,,,,4,2,4
221,北京市海淀区紫竹院路14号1层21门3号:64.2(㎡),北京,海淀区,北京市海淀区紫竹院路14号,北京市海淀区紫竹院路14号1层21门3号,64.2 平方米,1,13,南北通透,否,2室1厅1卫,X京房权证海字第329303号,住宅,2021-06-17,,,,,2,1,1
222,北京市海淀区紫竹院路1号院2号楼8层808:152.45(㎡),北京,海淀区,紫竹院路1号院,北京市海淀区紫竹院路1号院2号楼8层808,152.45 平方米,8,30,南北,是,3室2厅2卫,京（2017）海不动产权第0017526号,住宅,2020-08-20,,,,,3,2,2
223,北京市海淀区紫竹院路88号A座6层705:112.27(㎡),北京,海淀区,北京市海淀区紫竹院路88号A座,北京市海淀区紫竹院路88号A座6层705,112.27 平方米,6,24,北,是,2室1厅2卫,X京房权证海字第380511号,高档公寓,2021-03-11,,,,,2,1,2
224,海淀区红联北村6号楼1层4门4-1:84.51(㎡),北京,海淀区,红联北村,海淀区红联北村6号楼1层4门4-1,84.51 平方米,1,4,南北通透,否,3室1厅1卫,京房权证海私成字第310526号,住宅,2021-12-15,,,,,3,1,1
225,北京市海淀区罗庄南里7号楼2层6门202:60.69(㎡),北京,海淀区,罗庄南里小区,北京市海淀区罗庄南里7号楼2层6门202,60.69 平方米,2,6,南北通透,否,2室1厅1卫,X京房权证海字第397996号,住宅,2022-03-29,,,,,2,1,1
226,北京市海淀区芙蓉里南街6号1号楼2层201:144.94(㎡),北京,海淀区,北京市海淀区芙蓉里南街6号,北京市海淀区芙蓉里南街6号1号楼2层201,144.94 平方米,2,20,东北,是,3室1厅1卫,X京房权证海字第441843号,住宅,2021-10-11,,,,,3,1,1
227,"北京市海淀区花园北路20号牡丹园北里7号楼21层
2108:174.69(㎡)",北京,海淀区,海淀区花园北路,北京市海淀区花园北路20号牡丹园北里7号楼21层2108,174.69 平方米,21,23,西南,是,4室2厅2卫,X京房权证海字第109328号,住宅,2021-01-19,,,,,4,2,2
228,海淀区蓝靛厂南路39号院5号楼9层4单元901:168.66(㎡),北京,海淀区,玫瑰御园,海淀区蓝靛厂南路39号院5号楼9层4单元901,168.66 平方米,9,10,南北,是,3室2厅2卫,京房权证海私移字第0081123号,住宅,2020-08-21,,,,,3,2,2
229,海淀区蓝靛厂垂虹园1号楼11层12G:106.96(㎡),北京,海淀区,垂虹园,海淀区蓝靛厂垂虹园1号楼11层12G,106.96 平方米,11,19,东,是,2室1厅1卫,X京房权证海字第204526号,住宅,2021-05-19,,,,,2,1,1
230,海淀区蓟门里小区北5号楼4层3单元401:54.5(㎡),北京,海淀区,蓟门里小区,海淀区蓟门里小区北5号楼4层3单元401,54.5 平方米,4,6,南,否,2室1厅1卫,京(2016)海淀区不动产权第0034355号,住宅,2022-03-14,,,,,2,1,1
231,海淀区西二旗一里二区5号楼2层2门202:52.9(㎡),北京,海淀区,西二旗一里,海淀区西二旗一里二区5号楼2层2门202,52.9 平方米,2,6,南北通透,否,1室1厅1卫,京（2018）海不动产权第0052901号,住宅,2021-05-20,,,,,1,1,1
232,海淀区西二旗西路1号院23号楼14层1402:225.46(㎡),北京,海淀区,海淀区西二旗西路1号院,海淀区西二旗西路1号院23号楼14层1402,225.46 平方米,14,16,南北通透,是,4室1厅2卫,京（2015）海淀区不动产权第0026697号,住宅,2021-06-22,,,,,4,1,2
233,海淀区西直门北大街32号院5号楼10层1106号:113.24(㎡),北京,海淀区,枫蓝国际公寓,海淀区西直门北大街32号院5号楼10层1106号,113.24 平方米,10,23,西南,是,3室1厅1卫,X京房权证海字第290008号,高档公寓,2020-12-16,,,,,3,1,1
234,海淀区西直门北大街32号院5号楼9层1007:96.75(㎡),北京,海淀区,枫蓝国际公寓,海淀区西直门北大街32号院5号楼9层1007,96.75 平方米,9,23,西北,否,2室1厅1卫,X京房权证海字第308309号,住宅,2020-12-16,,,,,2,1,1
235,"北京市海淀区西翠路5号今日家园4号楼10层1001:140.75(㎡
)",北京,海淀区,今日家园,北京市海淀区西翠路5号今日家园4号楼10层1001,140.75 平方米,10,21,西北,是,3室2厅2卫,京房权证海私字第0095688,住宅,2021-03-01,,,,,3,2,2
236,北京市海淀区金沟河路3号8号楼5层4单元452:53.9(㎡),北京,海淀区,金沟河3号院,北京市海淀区金沟河路3号8号楼5层4单元452,53.9 平方米,5,6,南,否,2室1厅1卫,X京房权证海字第224597号,住宅,2021-08-05,,,,,2,1,1
237,海淀区阜成路53号院水8号楼5层2门502号:56.6(㎡),北京,海淀区,水文社区,海淀区阜成路53号院水8号楼5层2门502号,56.6 平方米,5,6,南北通透,否,2室1厅1卫,京(2017)海不动产权第0018688号,住宅,2021-09-02,,,,,2,1,1
238,北京市海淀区颐泉家苑韶景居8号楼3层2单元301:377.11(㎡),北京市,海淀区,御园厢红旗,北京市海淀区颐泉家苑韶景居8号楼3层2单元301,377.11 平方米,3,4,南北通透,是,3室2厅4卫,京（2018）海不动产权第0010005号,住宅,2021-08-26,,,,,3,2,4
239,北京市海淀区香山南路99号221号楼1至2层:385.95(㎡),北京,海淀区,西山美庐,北京市海淀区香山南路99号221号楼1至2层,385.95 平方米,,3,南北,否,4室2厅3卫,X京房权证海字第135197号,住宅,2020-11-03,,,,,4,2,3
240,北京市海淀区香山南辛村20号2号楼2层1门202:53.3(㎡),北京,海淀区,中科院植物所家属院,北京市海淀区香山南辛村20号2号楼2层1门202,53.3 平方米,2,4,南,否,1室1厅1卫,京（2019）海不动产权第0027705号,住宅,2022-02-16,,,,,1,1,1
241,"北京市海淀区马连洼竹园54号楼4至5层2单元
5018:248.73(㎡)",北京,海淀区,马连洼竹园,北京市海淀区马连洼竹园54号楼4至5层2单元5018,248.73 平方米,4,6,南北通透,是,4室2厅3卫,X京房权证海字第335680号,住宅,2021-06-07,,,,,4,2,3
242,北京市海淀区魏公村街1号韦伯豪家园1号楼9层902:74.2(㎡),北京,海淀区,韦伯豪家园,北京市海淀区魏公村街1号韦伯豪家园1号楼9层902,74.2 平方米,9,24,西,是,1室1厅1卫,京房权证海私字第047439号,住宅,2021-08-05,,,,,1,1,1
243,北京市海淀区魏公村路8号院4号楼15层1503:96(㎡),北京,海淀区,魏公村8号院,北京市海淀区魏公村路8号院4号楼15层1503,96 平方米,15,16,东南,是,3室1厅1卫,京房权证海私成字第097189号,住宅,2020-11-27,,,,,3,1,1
244,海淀区魏公村路8号院4号楼15层1504:127.2(㎡),北京,海淀区,魏公村8号院,海淀区魏公村路8号院4号楼15层1504,127.2 平方米,15,16,南向,是,4室2厅1卫,京房权证海私成字第097190号,住宅,2020-11-27,,,,,4,2,1
245,石景山区八角南里13号楼20层2004号:77.08(㎡),北京,石景山区,八角南里,石景山区八角南里13号楼20层2004号,77.08 平方米,20,22,东南,否,2室1厅1卫,京房权证石私字第117190号,住宅,2021-07-29,,,,,2,1,1
246,北京市石景山区杨庄北区27号楼2层2单元202号:105.55(㎡),北京,石景山区,西现代城,北京市石景山区杨庄北区27号楼2层2单元202号,105.55 平方米,2,23,南北通透,是,2室1厅1卫,X京房权证石字第084057号,住宅,2021-05-24,,,,,2,1,1
247,石景山区杨庄北区48栋1层106:78.71(㎡),北京,石景山区,奈伦熙府,石景山区杨庄北区48栋1层106,78.71 平方米,1,18,西南,是,2室1厅1卫,X京房权证石字第158417号,住宅,2021-08-17,,,,,2,1,1
248,北京市石景山区杨庄北区50号楼19层1单元1901:141.59(㎡),北京,石景山区,鼎诚世家,北京市石景山区杨庄北区50号楼19层1单元1901,141.59 平方米,19,22,南北通透,是,3室1厅2卫,X京房权证石字第087823号,住宅,2021-03-09,,,,,3,1,2
249,石景山区永乐小区10号楼4层1单元10号:58.04(㎡),北京,石景山区,永乐小区,石景山区永乐小区10号楼4层1单元10号,58.04 平方米,4,5,南北通透,否,3室0厅1卫,京（2018）石不动产权第0020666号,住宅,2021-10-13,,,,,3,0,1
250,"北京市石景山区玉泉西里二区18-1号楼3层3单元
0302:109.61(㎡)",北京,石景山区,远洋山水,北京市石景山区玉泉西里二区18-1号楼3层3单元0302,109.61 平方米,3,10,南北通透,是,2室1厅1卫,X京房权证石私字第002529号,住宅,2021-06-24,,,,,2,1,1
251,石景山区西井三区2号楼5层3单元501号:63.43(㎡),北京,石景山区,西井三区,石景山区西井三区2号楼5层3单元501号,63.43 平方米,5,5,南北通透,否,2室1厅1卫,京房权证石私字第77524号,住宅,2021-08-18,,,,,2,1,1
252,西城区三里河路4号院1号楼5层2门12:57.8(㎡),北京,西城区,西城区三里河路4号院1号楼5层2门12,西城区三里河路4号院1号楼5层2门12,57.8 平方米,5,6,南,否,2室1厅1卫,京2018西不动产权第0012860号,住宅,2020-12-24,,,,,2,1,1
253,西城区华远北街1号楼1317号房产:78.5(㎡),北京,西城区,华远北街,西城区华远北街1号楼1317号房产,78.5 平方米,13,17,西向,否,2室1厅1卫,0,住宅,2020-09-02,,,,,2,1,1
254,北京市西城区厂甸11号2号楼6层3-6-601:64.5(㎡),北京,西城区,北京市西城区厂甸11号,北京市西城区厂甸11号2号楼6层3-6-601,64.5 平方米,6,6,西,否,2室1厅1卫,京房权证宣私字第13249号,住宅,2021-06-02,,,,,2,1,1
255,西城区广安门外大街305号8区7号楼13层1625:25.6(㎡),北京,西城区,荣丰2008,西城区广安门外大街305号8区7号楼13层1625,25.6 平方米,13,28,北,是,1室0厅1卫,京(2021)西不动产权第0005444号,住宅,2021-11-22,,,,,1,0,1
256,西城区建功西里1号楼14层1605:123.42(㎡),北京,西城区,天缘公寓,西城区建功西里1号楼14层1605,123.42 平方米,14,31,南,是,2室1厅1卫,京（2016）西城区不动产权第0011730号,住宅,2021-03-17,,,,,2,1,1
257,北京市西城区新街口西里三区6号楼6层3门601号:84.86(㎡),北京,西城区,新街口西里三区,北京市西城区新街口西里三区6号楼6层3门601号,84.86 平方米,6,7,南北通透,否,3室1厅1卫,X京房权证西字第027593号,住宅,2022-02-16,,,,,3,1,1
258,西城区月坛北小街3号楼7门1202号:82.4(㎡),北京,西城区,北京市西城区月坛北小街3号楼7门1202号,西城区月坛北小街3号楼7门1202号,82.4 平方米,12,16,南,否,2室1厅1卫,字96219号,住宅,2021-12-22,,,,,2,1,1
259,北京市西城区红居街8号楼16层1605号:119.35(㎡),北京,西城区,北京市西城区远见名苑,北京市西城区红居街8号楼16层1605号,119.35 平方米,16,28,西南,是,3室1厅2卫,京房权证宣其字第56787号,住宅,2021-10-17,,,,,3,1,2
260,北京市西城区阜成门南大街9号楼4层3门401号:69.1(㎡),北京,西城区,七建家委会小区,北京市西城区阜成门南大街9号楼4层3门401号,69.1 平方米,4,11,东西,是,3室1厅1卫,X京房权证西字第073598号,住宅,2021-05-11,,,,,3,1,1
261,北京市西城区马连道中里二区3号楼5层①-5-503:59.35(㎡),北京,西城区,马连道中里二区,北京市西城区马连道中里二区3号楼5层①-5-503,59.35 平方米,5,6,南北通透,否,2室1厅1卫,宣更成字第12502号,住宅,2021-07-19,,,,,2,1,1
262,北京市通州区万盛北里459号楼3层3单元301:110.92(㎡),北京,通州区,北京市通州区万盛北里459号楼,北京市通州区万盛北里459号楼3层3单元301,110.92 平方米,3,6,南北通透,否,3室1厅2卫,X京房权证通字第1324370号,住宅,2020-12-11,,,,,3,1,2
263,通州区八里桥南街68号3号楼21层2503:126.05(㎡),北京,通州区,京贸国际公寓,通州区八里桥南街68号3号楼21层2503,126.05 平方米,21,25,西南,否,3室1厅1卫,X京房权证通字第1202559号,住宅,2021-12-10,,,,,3,1,1
264,通州区台湖镇次渠大街19号3号楼5至6层352:147.6(㎡),北京,通州区,华馨园,通州区台湖镇次渠大街19号3号楼5至6层352,147.6 平方米,5,5,南北通透,否,2室3厅2卫,京房权证通私字第0307360号,住宅,2022-02-21,,,,,2,3,2
265,北京市通州区天桥湾10号楼1层512:78.46(㎡),北京,通州区,天桥湾,北京市通州区天桥湾10号楼1层512,78.46 平方米,1,7,南北通透,否,2室1厅1卫,X京房权证通字第1419055号,住宅,2021-08-09,,,,,2,1,1
266,通州区安顺北里21号楼4层1单元401:155.3(㎡),北京,通州区,翠福园,通州区安顺北里21号楼4层1单元401,155.3 平方米,4,7,南北通透,否,3室1厅2卫,X京房权证通字第1308915号,住宅,2022-03-30,,,,,3,1,2
267,"北京市通州区新华东街289号院3号楼10层1单元
1002:231.39(㎡)",北京,通州区,京杭府,北京市通州区新华东街289号院3号楼10层1单元1002,231.39 平方米,10,40,东西,是,4室2厅3卫,京(2017)通不动产权第0032052号,住宅,2021-06-25,,,,,4,2,3
268,通州区景盛南二街45号院3号楼5层1单元502:53.05(㎡),北京,通州区,合生世界村,通州区景盛南二街45号院3号楼5层1单元502,53.05 平方米,5,14,西向,是,1室1厅1卫,X京房权证通字第1324376号,住宅,2020-09-10,,,,,1,1,1
269,通州区杨庄南里甲65号楼6层3单元601:104.58(㎡),北京,通州区,世纪星城,通州区杨庄南里甲65号楼6层3单元601,104.58 平方米,6,28,南北通透,是,3室1厅1卫,X京房权证通字第1111746号,住宅,2021-04-19,,,,,3,1,1
270,通州区杨庄南里甲65号楼8层1单元801:104.84(㎡),北京,通州区,世纪星城,通州区杨庄南里甲65号楼8层1单元801,104.84 平方米,8,28,南北通透,是,3室1厅1卫,X京房权证通字第1111746号,住宅,2021-04-19,,,,,3,1,1
271,通州区芙蓉园287号楼2层1单元204:68.09(㎡),北京,通州区,京贸国际城,通州区芙蓉园287号楼2层1单元204,68.09 平方米,2,37,南,是,1室1厅1卫,X京房权证通字第1313763号,住宅,2021-06-02,,,,,1,1,1
272,北京市通州区西富河园6号2号楼3层332:123.36(㎡),北京,通州区,天赐良园东三期,北京市通州区西富河园6号2号楼3层332,123.36 平方米,3,6,南北通透,否,3室2厅2卫,京房权证通私字0604984号,住宅,2021-02-07,,,,,3,2,2
273,北京市通州区西马庄24号楼3层432:77.46(㎡),北京,通州区,西马庄24号楼,北京市通州区西马庄24号楼3层432,77.46 平方米,3,6,东西,否,2室1厅1卫,X京房权证朝字第1124086号,住宅,2022-03-09,,,,,2,1,1
274,北京市通州区龙旺西里100号楼6层1单元608:66.24(㎡),北京,通州区,浅水湾,北京市通州区龙旺西里100号楼6层1单元608,66.24 平方米,6,29,南北通透,是,2室1厅1卫,京（2018）通不动产权第0061280号,住宅,2021-05-31,,,,,2,1,1
275,门头沟区西宁路1号楼5层2单元501号:60.25(㎡),北京,门头沟区,三家店西宁路,门头沟区西宁路1号楼5层2单元501号,60.25 平方米,5,6,南北通透,否,2室1厅1卫,京（2017）门不动产权第0013586号,住宅,2022-02-28,,,,,2,1,1
276,顺义区前进花园一区26号楼2层二单元202:92.94(㎡),北京,顺义区,前进花园一区,顺义区前进花园一区26号楼2层二单元202,92.94 平方米,2,7,南北通透,否,3室1厅1卫,京房权证顺私字第42551号,住宅,2021-06-29,,,,,3,1,1
277,北京市顺义区前进花园一区4号楼1层四单元102:124.11(㎡),北京,顺义区,前进花园一区,北京市顺义区前进花园一区4号楼1层四单元102,124.11 平方米,1,6,南北通透,否,3室2厅2卫,京（2016）顺义区不动产权第0029388号,住宅,2021-10-26,,,,,3,2,2
278,博特花园14号楼-1至2层全部:429.61(㎡),北京,顺义区,波特兰花园,博特花园14号楼-1至2层全部,429.61 平方米,,2,南北通透,否,5室2厅3卫,X京房权证顺字第253870号,别墅,2022-02-07,,,,,5,2,3
279,北京市顺义区双兴东区20号楼7层2单元702室:91.26(㎡),北京,顺义区,双兴东区,北京市顺义区双兴东区20号楼7层2单元702室,91.26 平方米,7,20,南北通透,是,3室1厅1卫,X京房权证顺字第276067号,住宅,2021-11-05,,,,,3,1,1
280,北京市顺义区双兴南区40号楼7层7单元702:149.2(㎡),北京,顺义区,双兴南区,北京市顺义区双兴南区40号楼7层7单元702,149.2 平方米,7,19,南北通透,是,3室1厅2卫,京房权证顺私字第79003号,住宅,2020-12-08,,,,,3,1,2
281,"北京市顺义区安泰大街6号院15号楼13层3单元
1301:113.06(㎡)",北京,顺义区,安泰大街6号院,北京市顺义区安泰大街6号院15号楼13层3单元1301,113.06 平方米,13,16,南北通透,是,2室2厅2卫,京（2018）顺不动产权第0027033号,住宅,2021-09-13,,,,,2,2,2
282,顺义区樱花园三区21号楼6层五单元601:105.87(㎡),北京,顺义区,樱花园三区,顺义区樱花园三区21号楼6层五单元601,105.87 平方米,6,6,南北通透,否,3室1厅2卫,X京房权证顺字第230188号,住宅,2021-03-09,,,,,3,1,2
283,樱花园六区10号楼1层一单元101:92(㎡),北京,顺义区,樱花园六区,樱花园六区10号楼1层一单元101,92 平方米,1,6,南北通透,否,2室2厅1卫,京（2018）顺不动产权第003306号,住宅,2021-09-03,,,,,2,2,1
284,北京市顺义区港馨家园35号楼6层二单元602:81.63(㎡),北京,顺义区,港馨家园,北京市顺义区港馨家园35号楼6层二单元602,81.63 平方米,6,6,南北通透,否,2室1厅1卫,X京房权证顺字第210755号,住宅,2021-08-23,,,,,2,1,1
285,顺义区港馨家园47号楼3层五单元302:89.84(㎡),北京,顺义区,港馨家园,顺义区港馨家园47号楼3层五单元302,89.84 平方米,3,5,南北通透,否,2室1厅1卫,京(2016)顺义区不动产权第0047008号,住宅,2022-03-08,,,,,2,1,1
286,北京市顺义区滨河小区36号楼8单元301:76.53(㎡),北京,顺义区,望潮家园,北京市顺义区滨河小区36号楼8单元301,76.53 平方米,3,6,南北通透,否,2室1厅1卫,京房权证顺私字第35419号,住宅,2021-08-16,,,,,2,1,1
287,顺义区石园南区30号楼5层四单元501:86.04(㎡),北京,顺义区,石园南社区,顺义区石园南区30号楼5层四单元501,86.04 平方米,5,6,南北通透,否,2室1厅1卫,京房权证顺私移字第67239号,住宅,2022-03-25,,,,,2,1,1
288,顺义区石园西区21号楼5层三单元501:72.35(㎡),北京,顺义区,石园西区,顺义区石园西区21号楼5层三单元501,72.35 平方米,5,6,南北通透,否,2室1厅1卫,顺字第01727号,住宅,2021-03-19,,,,,2,1,1
289,北京市顺义区禾贵街2号院3号楼2层3单元201:115.95(㎡),北京,顺义区,北京市顺义区禾贵街2号院3号楼2层3单元201,北京市顺义区禾贵街2号院3号楼2层3单元201,115.95 平方米,2,8,南北通透,是,3室1厅2卫,X京房权证顺字第311081号,住宅,2020-12-04,,,,,3,1,2
290,顺义区站前街8号院10号楼9层1单元1001:112.82(㎡),北京,顺义区,站前街8号院,顺义区站前街8号院10号楼9层1单元1001,112.82 平方米,9,20,南北通透,是,3室1厅2卫,X京房权证顺字第298001号,住宅,2020-12-14,,,,,3,1,2
291,北京市顺义区站前街8号院7号楼15层1单元1701:164.46(㎡),北京,顺义区,站前街8号院,北京市顺义区站前街8号院7号楼15层1单元1701,164.46 平方米,15,18,南北通透,是,3室2厅1卫,X京房权证顺字第267610号,住宅,2021-08-16,,,,,3,2,1
292,北京市顺义区绿港家园四区3号楼5层2单元502:166.42(㎡),北京,顺义区,绿港家园四区,北京市顺义区绿港家园四区3号楼5层2单元502,166.42 平方米,5,20,南北,是,3室2厅2卫,X房权证顺字第276792号,住宅,2020-09-09,,,,,3,2,2
293,北京市顺义区裕龙花园六区30号楼3层一单元301:118.98(㎡),北京,顺义区,裕龙花园六区,北京市顺义区裕龙花园六区30号楼3层一单元301,118.98 平方米,3,6,南北通透,否,3室1厅1卫,京房权证顺私字第102587号,住宅,2021-02-24,,,,,3,1,1
294,顺义区西辛南区37号楼3层八单元301:73.94(㎡),北京,顺义区,顺义区西辛南区,顺义区西辛南区37号楼3层八单元301,73.94 平方米,3,6,南北通透,否,2室1厅1卫,京房权证顺私移字第46765号,住宅,2021-09-09,,,,,2,1,1
295,北京市顺义区金宝花园58号楼1层58:343.22(㎡),北京,顺义区,金宝花园,北京市顺义区金宝花园58号楼1层58,343.22 平方米,1,3,南北通透,否,4室3厅3卫,X京房权证顺字第228188号,别墅,2021-05-07,,,,,4,3,3
296,"北京市顺义区顺恒大街7号院13号楼4至5层1单元401号
:181.34(㎡)",北京,顺义区,顺恒大街7号院,北京市顺义区顺恒大街7号院13号楼4至5层1单元401号,181.34 平方米,4,7,南北通透,是,4室2厅2卫,X京房权证顺字第341674号,住宅,2021-11-01,,,,,4,2,2
297,顺义区馨港庄园三区20号楼2层二单元203:89.29(㎡),北京,顺义区,馨港庄园三区,顺义区馨港庄园三区20号楼2层二单元203,89.29 平方米,2,6,南北,否,2室2厅1卫,X京房权证顺字第332776号,住宅,2020-09-18,,,,,2,2,1
298,顺义区马坡花园7号楼3至4层二单元301:252.88(㎡),北京,顺义区,马坡花园,顺义区马坡花园7号楼3至4层二单元301,252.88 平方米,3,4,南北通透,否,4室2厅2卫,京(2017)顺不东产权第0015626号,住宅,2021-03-15,,,,,4,2,2
299,顺义区马坡花园二区2号楼3层七单元301:81.72(㎡),北京,顺义区,马坡花园,顺义区马坡花园二区2号楼3层七单元301,81.72 平方米,3,6,南北通透,否,2室1厅1卫,京房权证顺私字第100123号,住宅,2021-12-03,,,,,2,1,1
300,顺义区马坡花园二区4号楼5层三单元502:148.49(㎡),北京,顺义区,马坡花园,顺义区马坡花园二区4号楼5层三单元502,148.49 平方米,5,6,南北,否,3室2厅2卫,X京房权证顺字第339631号,住宅,2020-10-21,,,,,3,2,2
301,北京市朝阳区甘露园南里二区9号楼5层1门501:43.52(㎡),北京,朝阳区,北京市朝阳区甘露园南里二区,北京市朝阳区甘露园南里二区9号楼5层1门501,43.52 平方米,5,6,南北通透,否,1室1厅1卫,京(2018)朝不动产权第0052158号,住宅,2021-07-20,,,,,1,1,1
302,"北京经济技术开发区天宝园四里4号楼2层1单元
201:137.37(㎡)",北京,大兴区,天宝园,北京经济技术开发区天宝园四里4号楼2层1单元201,137.37 平方米,2,12,东西,是,4室1厅1卫,京房权证开私字第0801120号,住宅,2021-07-02,,,,,4,1,1
303,延庆区莲花苑小区12号楼5层110:106.29(㎡),北京,延庆区,莲花苑小区,延庆区莲花苑小区12号楼5层110,106.29 平方米,5,6,南北通透,否,2室1厅1卫,京（2016）延庆区不动产权第0012597号,住宅,2021-05-17,,,,,2,1,1
304,房山区广阳中路1号院一区3号5层5单元501:85.2(㎡),北京,房山区,原香小镇一区,房山区广阳中路1号院一区3号5层5单元501,85.2 平方米,5,12,南北通透,否,2室1厅1卫,X京房权证房字第067405号,住宅,2021-07-16,,,,,2,1,1
305,房山区燕化星城健德四里2号楼24层2408:85.12(㎡),北京,房山区,燕化星城建德四里,房山区燕化星城健德四里2号楼24层2408,85.12 平方米,24,25,南北通透,否,2室1厅1卫,京（2016）房山区不动产权第0035614号,住宅,2021-07-26,,,,,2,1,1
306,房山区良乡行宫园二里1号楼5层7-502:95.99(㎡),北京,房山区,行宫园二里,房山区良乡行宫园二里1号楼5层7-502,95.99 平方米,5,6,南北通透,否,3室1厅1卫,京(2019)房不动产权第0000434号,住宅,2021-04-14,,,,,3,1,1
307,房山区长阳镇嘉州水郡179号6层605:87.75(㎡),北京,房山区,加州水郡四期,房山区长阳镇嘉州水郡179号6层605,87.75 平方米,6,15,西北,是,2室1厅1卫,京（2017）房不动产权第0050555号,住宅,2021-11-16,,,,,2,1,1
308,房山区长阳镇碧波园小区19号5层503:129.91(㎡),北京,房山区,碧波园小区,房山区长阳镇碧波园小区19号5层503,129.91 平方米,5,6,南北通透,否,3室2厅2卫,X京房权证房字第038460号,住宅,2020-12-08,,,,,3,2,2
309,朝阳区大山子北里32号楼4层3门38:56.07(㎡),北京,朝阳区,大山子北里,朝阳区大山子北里32号楼4层3门38,56.07 平方米,4,6,东,否,2室1厅1卫,京(2020)朝不动产权第0073075号,住宅,2022-01-19,,,,,2,1,1
310,"朝阳区望京西路50号院10号楼19至20层1单元2202号
:132.25(㎡)",北京,朝阳区,鹿港嘉苑,朝阳区望京西路50号院10号楼19至20层1单元2202号,132.25 平方米,19,22,南,是,2室2厅2卫,X京房权证朝字第630189号,住宅,2022-02-25,,,,,2,2,2
311,石景山区海特花园5号楼6层4单元601号:115.2(㎡),北京,石景山区,石景山区海特花园5号楼,石景山区海特花园5号楼6层4单元601号,115.2 平方米,6,6,南北通透,否,3室1厅1卫,X京房权证石字第145742号,住宅,2021-11-02,,,,,3,1,1
312,石景山区碣石坪小区1号楼3层3单元302号:40.36(㎡),北京,石景山区,碣石坪小区,石景山区碣石坪小区1号楼3层3单元302号,40.36 平方米,3,6,南,否,1室1厅1卫,京（2019）石不动产权第006182号,住宅,2021-12-21,,,,,1,1,1
313,石景山区聚兴园5号楼3层4单元302:99.99(㎡),北京,石景山区,聚兴园小区,石景山区聚兴园5号楼3层4单元302,99.99 平方米,3,14,南北通透,是,2室1厅1卫,X京房权证石字第132243号,住宅,2022-03-21,,,,,2,1,1
314,通州区八里桥南街68号6号楼4层510:96.27(㎡),北京,通州区,通州区八里桥南街68号6号楼,通州区八里桥南街68号6号楼4层510,96.27 平方米,5,28,西南,否,2室1厅1卫,京(2018)通不动产权第0061161号,住宅,2021-11-08,,,,,2,1,1
315,顺义区梅香街8号院1号楼8层1单元801:137.81(㎡),北京,顺义区,顺义区梅香街,顺义区梅香街8号院1号楼8层1单元801,137.81 平方米,8,10,南北通透,否,3室2厅2卫,京(2019)顺不动产权第0016149号,住宅,2021-11-19,,,,,3,2,2
316,北京市东城区东中街58号1号楼5层二单元501:95.15(㎡),北京,东城区,美惠大厦,北京市东城区东中街58号1号楼5层二单元501,95.15 平方米,5,17,西,是,1室1厅1卫,京房权证市东私字第1360018号,高档公寓,2021-10-20,,,,,1,1,1
317,丰台区帝京路1号1-481至2层全部:298.1(㎡),北京,丰台区,帝京花园,丰台区帝京路1号1-481至2层全部,298.1 平方米,,2,南北,否,4室2厅3卫,X京房权证丰字第256324号,住宅,2020-10-15,,,,,4,2,3
318,北京市大兴区兴盛街187号院8号楼3层3-301:83.6(㎡),北京,大兴区,北京市大兴区兴盛街187号院,北京市大兴区兴盛街187号院8号楼3层3-301,83.6 平方米,3,17,南北通透,否,2室1厅1卫,京（2016）大兴区不动产权第0057747号,住宅,2021-06-03,,,,,2,1,1
319,大兴区庞各庄镇隆盛西园10号楼6层601:118.44(㎡),北京,大兴区,隆盛园,大兴区庞各庄镇隆盛西园10号楼6层601,118.44 平方米,6,6,南北通透,否,3室1厅1卫,京房权证兴私字第00113792号,住宅,2021-08-05,,,,,3,1,1
320,大兴区育星苑16号楼3层3-302:90.73(㎡),北京,大兴区,育星苑小区,大兴区育星苑16号楼3层3-302,90.73 平方米,3,6,南北通透,否,2室1厅1卫,京（2016）大兴区不动产权第0069357号,住宅,2021-05-07,,,,,2,1,1
321,北京市平谷区渔阳花园2号楼28层2单元2801室,北京,平谷区,渔阳花园,北京市平谷区渔阳花园2号楼28层2单元2801室,133.63 平方米,28,28,南北通透,是,3室2厅2卫,京（2019）平不动产权第0101005号,住宅,2022-03-11,,,,,3,2,2
322,北京市平谷区渔阳花园2号楼28层2单元2803室,北京,平谷区,渔阳花园,北京市平谷区渔阳花园2号楼28层2单元2803室,134.87 平方米,28,28,南北通透,是,3室2厅2卫,京（2019）平不动产权第0101006号,住宅,2022-03-13,,,,,3,2,2
323,北京市平谷区迎宾花园6号楼3单元302:137.76(㎡),北京,平谷区,北京市平谷区迎宾花园小区,北京市平谷区迎宾花园6号楼3单元302,137.76 平方米,4,6,南北通透,否,3室1厅1卫,X京房权证平字第038288号,住宅,2021-01-27,,,,,3,1,1
324,6号楼1层二单元103:100.22(㎡),北京,延庆区,上都首府家园,6号楼1层二单元103,100.22 平方米,1,11,南,否,2室1厅1卫,京（2018）延不动产权第0014297号,住宅,2021-03-29,,,,,2,1,1
325,北京市房山区房山城关北里2号楼3层3-303:71.47(㎡),北京,房山区,北京市房山区房山城关北里,北京市房山区房山城关北里2号楼3层3-303,71.47 平方米,3,6,北,否,2室1厅1卫,京房权证房私字第0307944号,住宅,2021-09-03,,,,,2,1,1
326,"北京市房山区汇丰街1号院4号楼9至10层4单元
902:295.61(㎡)",北京,房山区,世界名园D区,北京市房山区汇丰街1号院4号楼9至10层4单元902,295.61 平方米,9,11,南北通透,是,6室4厅4卫,京(2019)房不动产权第0027333号,住宅,2021-03-19,,,,,6,4,4
327,房山区窦店镇沁园春景6号楼2层2-202号:120.27(㎡),北京,海淀区,沁园春景,房山区窦店镇沁园春景6号楼2层2-202号,120.27 平方米,2,6,南北通透,否,3室2厅1卫,X京房权证房字第029029号,住宅,2021-11-04,,,,,3,2,1
328,房山区良乡地区隆曦园14号楼4层3-401:145.85(㎡),北京,房山区,隆曦园,房山区良乡地区隆曦园14号楼4层3-401,145.85 平方米,4,6,南北通透,否,3室1厅2卫,京(2016)房山区不动产权第0035514号,住宅,2021-12-13,,,,,3,1,2
329,北京市房山区良乡长虹小区7号楼6层5-601:94.19(㎡),北京,房山区,良乡长虹小区,北京市房山区良乡长虹小区7号楼6层5-601,94.19 平方米,6,6,南北通透,否,2室2厅1卫,京（2018）房不动产权第0020452号,住宅,2021-07-08,,,,,2,2,1
330,"昌平区北七家镇温泉花园B区C11号楼6层7单元
761:119.73(㎡)",北京,昌平区,温泉花园,昌平区北七家镇温泉花园B区C11号楼6层7单元761,119.73 平方米,6,6,南北通透,否,3室2厅2卫,X京房权证昌字第552857号,住宅,2021-10-19,,,,,3,2,2
331,昌平区天泽苑16号楼12层1单元1201:106.21(㎡),北京,昌平区,天泽苑小区,昌平区天泽苑16号楼12层1单元1201,106.21 平方米,12,16,东,是,2室1厅1卫,X京房权证昌字第397780号,住宅,2021-09-23,,,,,2,1,1
332,北京市朝阳区光华路2号院2号楼7层808:171.9(㎡),北京,朝阳区,光华路2号院,北京市朝阳区光华路2号院2号楼7层808,171.9 平方米,7,37,南向,是,3室2厅2卫,京（2017）朝不动产权第0108872号,住宅,2020-11-27,,,,,3,2,2
333,"北京市朝阳区北苑路13号院1号楼5层C单元510号:123.88(㎡
)",北京,朝阳区,北苑家园,北京市朝阳区北苑路13号院1号楼5层C单元510号,123.88 平方米,5,19,西北,是,1室1厅1卫,京（2019）朝不动产权第0092278号,住宅,2020-11-13,,,,,1,1,1
334,北京市朝阳区南湖东园108号楼6至7层9门602:186.97(㎡),北京,朝阳区,南湖东园108号楼,北京市朝阳区南湖东园108号楼6至7层9门602,186.97 平方米,6,7,南北通透,否,4室3厅3卫,京房权证朝私05字第7426号,住宅,2020-12-10,,,,,4,3,3
335,北京市朝阳区建国路88号院7号楼36至37层4106:450.06(㎡),北京,朝阳区,建国路88号院,北京市朝阳区建国路88号院7号楼36至37层4106,450.06 平方米,36,42,南北,是,6室3厅3卫,X京房权证朝字第1415150号,住宅,2020-09-02,,,,,6,3,3
336,北京市朝阳区慧忠北里314号楼6至7层608:206.06(㎡),北京,朝阳区,天创世缘,北京市朝阳区慧忠北里314号楼6至7层608,206.06 平方米,6,19,西,是,3室2厅3卫,58129,住宅,2021-09-01,,,,,3,2,3
337,北京市朝阳区朝阳公园路9号院2号楼7单元501号:393.89(㎡),北京,朝阳区,朝阳公园路九号公寓,北京市朝阳区朝阳公园路9号院2号楼7单元501号,393.89 平方米,4,11,东,是,3室2厅4卫,X京房权证朝字第719327号,住宅,2021-08-17,,,,,3,2,4
338,北京市朝阳区朝阳北路99号楼27层2单元3107:86.57(㎡),北京,朝阳区,大悦城公寓,北京市朝阳区朝阳北路99号楼27层2单元3107,86.57 平方米,27,28,南,否,3室1厅1卫,京（2016）朝阳区不动产权第0135048号,办公,2020-12-24,,,,,3,1,1
339,北京市朝阳区西坝河东里4号楼1层5门102:55.99(㎡),北京,朝阳区,西坝河东里,北京市朝阳区西坝河东里4号楼1层5门102,55.99 平方米,1,6,南北通透,否,2室1厅1卫,无,住宅,2021-01-14,,,,,2,1,1
340,北京市海淀区万泉新新家园12号楼7层①-702:140.62(㎡),北京,海淀区,万泉新新家园,北京市海淀区万泉新新家园12号楼7层①-702,140.62 平方米,7,11,东南,是,1室1厅1卫,京(2018)海不动产权第0046418号,住宅,2021-07-20,,,,,1,1,1
341,北京市海淀区上庄三嘉信苑14号楼3层3单元301:66.68(㎡),北京,海淀区,上庄三嘉信苑,北京市海淀区上庄三嘉信苑14号楼3层3单元301,66.68 平方米,3,11,南北通透,是,2室1厅1卫,X京房权证海字第367101号,住宅,2021-10-14,,,,,2,1,1
342,"北京市海淀区冠城园之冠城北园3号楼17层三单元
17B:340.2(㎡)",北京,海淀区,冠城北园,北京市海淀区冠城园之冠城北园3号楼17层三单元17B,340.2 平方米,17,19,南北通透,是,4室2厅2卫,X京房权证海字第237473号,住宅,2021-12-20,,,,,4,2,2
343,北京市门头沟区滨河楼7号楼2层1单元4号:58.6(㎡),北京,门头沟区,滨河楼小区,北京市门头沟区滨河楼7号楼2层1单元4号,58.6 平方米,2,4,东西,否,2室1厅1卫,京（2019）门不动产权第0014071号,住宅,2021-12-24,,,,,2,1,1
344,顺义区双阳东区2号楼3层2单元302:88.43(㎡),北京,顺义区,双阳东区,顺义区双阳东区2号楼3层2单元302,88.43 平方米,3,9,南北通透,是,2室1厅1卫,京(2018)顺不动产权第0027370号,住宅,2021-07-27,,,,,2,1,1
345,顺义区金穗路2号院8号楼8层822:40.78(㎡),北京,顺义区,顺义区金穗路2号院,顺义区金穗路2号院8号楼8层822,40.78 平方米,8,10,西,是,2室0厅1卫,京（2016）顺义区不动产权第0036198号,办公,2020-12-28,,,,,2,0,1
346,顺义区马坡花园二区6号楼5层三单元501:148.92(㎡),北京,顺义区,马坡花园二区,顺义区马坡花园二区6号楼5层三单元501,148.92 平方米,5,5,南北通透,否,3室2厅2卫,X京房权证顺字第292342号,住宅,2021-04-02,,,,,3,2,2
347,平谷区迎宾街1号院3号楼8层802:149.55(㎡),北京,平谷区,万德福广场,平谷区迎宾街1号院3号楼8层802,149.55 平方米,8,16,南北通透,是,3室2厅2卫,京(2016)平谷区不动产权第0018142号,住宅,2021-08-18,,,,,3,2,2
348,房山区良乡镇罗府家园3号楼2单元1001号:91.33(㎡),北京,房山区,罗府家园,房山区良乡镇罗府家园3号楼2单元1001号,91.33 平方米,10,12,东西,是,2室1厅1卫,京（2017）房不动产证明第0020208,住宅,2021-09-22,,,,,2,1,1
349,昌平区沙河镇豆各庄村碧水庄园三期39-6号:758.88(㎡),北京,昌平区,碧水庄园,昌平区沙河镇豆各庄村碧水庄园三期39-6号,758.88 平方米,,3,南,否,8室8厅4卫,X京房权证昌其字第339873号,别墅,2021-06-16,,,,,8,8,4
350,石景山区五里坨西小街7号院1号楼1层2单元101:63.15(㎡),北京,石景山区,五里坨西小街,石景山区五里坨西小街7号院1号楼1层2单元101,63.15 平方米,1,6,东西,否,2室1厅1卫,X京房权证石字第150707号,住宅,2022-01-19,,,,,2,1,1
351,石景山区海特花园44号楼5层505号:262.62(㎡),北京,石景山区,海特花园,石景山区海特花园44号楼5层505号,262.62 平方米,5,5,东北,否,3室1厅2卫,京(2020)石不动产权第0000045号,住宅,2022-01-29,,,,,3,1,2
352,北京市东城区广渠南水关胡同5号楼7层乙单元703:70.94(㎡),北京,东城区,南水关胡同,北京市东城区广渠南水关胡同5号楼7层乙单元703,70.94 平方米,7,16,南向,否,2室1厅1卫,京（2016）东城区不动产权第0024985号,住宅,2020-07-13,,,,,2,1,1
353,"北京市大兴区半壁店绿茵花园别墅如茵区11号1至2层全部
:234.3(㎡)",北京,大兴区,绿茵花园,北京市大兴区半壁店绿茵花园别墅如茵区11号1至2层全部,234.3 平方米,1,2,南北通透,否,4室1厅3卫,X京房权证兴字第161861号,住宅,2021-01-04,,,,,4,1,3
354,北京市大兴区庞各庄镇隆盛西园7号楼1层2-101:82.74(㎡),北京,大兴区,北京市大兴区庞各庄镇隆盛西园,北京市大兴区庞各庄镇隆盛西园7号楼1层2-101,82.74 平方米,1,6,南北通透,否,2室1厅1卫,京房权证兴私字第083007号,住宅,2021-02-02,,,,,2,1,1
355,"北京市平谷区夏各庄镇夏各庄内环南路9号院4号楼6层3单元
602:88.44(㎡)",北京,平谷区,由山由谷由山嘉园,"北京市平谷区夏各庄镇夏各庄内环南路9号院4号楼6层3单元
602",88.44 平方米,6,6,南北通透,否,3室1厅1卫,京（2019）平不动产权第0005370号,住宅,2021-07-28,,,,,3,1,1
356,朝阳区小庄6号3号楼25至26层29D:370.58(㎡),北京,朝阳区,纽约豪园,朝阳区小庄6号3号楼25至26层29D,370.58 平方米,25,34,东北,是,5室2厅3卫,X京房权证朝字第1545527号,高档公寓,2021-03-18,,,,,5,2,3
