,房产名称,房屋类型,房产坐落,所在小区,建筑面积,户型,朝向,所在楼层,建成年代,规划用途,单位面积价格,财产参考总价,本次网络询价时点为
0,北京市海淀区安宁华庭二区9号楼10层3单元1003:108.47(㎡),住宅用房,北京市海淀区安宁华庭二区9号楼10层3单元1003,北京市海淀区安宁华庭二区9号楼10层3单元1003,108.47㎡,2室1厅2卫,南北,10,,住宅,89006.00元/㎡,9654481.00元,2021年11月30日
1,海淀区永定路乙1号院9号楼8层902,住宅用房,北京市海淀区海淀区永定路乙1号院9号楼,海淀区永定路乙1号院9号楼,212.24㎡,4室2厅3卫,南向,8,,10住宅,68163.00元/㎡,14466915.00元,2021年01月21日
2,北京市海淀区西翠路17号院10号楼3层1单元301,住宅用房,北京市海淀区西翠路17号院10号楼3层1单元301,西翠路17号院,256.62㎡,4室2厅2卫,南北,3,,住宅,141917.00元/㎡,36418741.00元,2021年12月02日
3,北京市东城区交道口北二条35号院1号楼3层5门302号:55.13(㎡),住宅用房,北京市东城区交道口北二条35号院1号楼3层5门302号,北京市东城区交道口北二条35号院,55.13㎡,1室1厅1卫,南北,3,,住宅,103915.00元/㎡,5728834.00元,2021年01月19日
5,北京市东城区竹杆胡同3号楼2层1单元201:73.28(㎡),住宅用房,北京市东城区竹杆胡同3号楼2层1单元201,北竹杆胡同,73.28㎡,2室1厅1卫,南向,2,,住宅,103480.00元/㎡,7583014.00元,2021年08月26日
6,北京市丰台区丰葆路98号院二区4号楼-2至3层101号:427.16(㎡),住宅用房,北京市丰台区丰葆路98号院二区4号楼-2至3层101号,中海九号公馆2区,427.16㎡,7室3厅5卫,南北,0,,住宅,79976.00元/㎡,34162548.00元,2021年04月01日
7,北京市丰台区光彩路72号院6号楼1层1单元101:187.84(㎡),住宅用房,北京市丰台区光彩路72号院6号楼1层1单元101,世华水岸,187.84㎡,4室2厅3卫,南北,1,,住宅,67122.00元/㎡,12608196.00元,2021年03月09日
8,北京市丰台区南三环东路甲8号4层405:145.44(㎡),住宅用房,北京市丰台区南三环东路甲8号4层405,甲8号院,145.44㎡,3室2厅2卫,南北,4,,住宅,38681.00元/㎡,5625765.00元,2021年06月22日
9,北京市丰台区南顶路281号楼3单元605号:161.57(㎡),住宅用房,北京市丰台区南顶路281号楼3单元605号,南顶路小区,161.57㎡,3室1厅1卫,南北,6,,住宅,50032.00元/㎡,8083670.00元,2021年04月19日
10,北京市丰台区嘉园三里7号楼4层505:91.45(㎡),住宅用房,北京市丰台区嘉园三里7号楼4层505,北京市丰台区嘉园三里,91.45㎡,2室1厅1卫,西北,4,,住宅,58358.00元/㎡,5336839.00元,2021年12月24日
11,北京市丰台区太平桥西里17号楼6层602号:60.9(㎡),住宅用房,北京市丰台区太平桥西里17号楼6层602号,北京市丰台区太平桥西里17号楼6层602号,60.90㎡,1室2厅1卫,东南,6,,住宅,63022.00元/㎡,3838040.00元,2021年04月16日
12,丰台区左安门外紫芳园二区2号楼11至12层3单元1103:270.71(㎡),住宅用房,丰台区左安门外紫芳园二区2号楼11至12层3单元1103,紫芳园二区香园,270.71㎡,5室3厅3卫,南北,11,,住宅,68980.00元/㎡,18673576.00元,2020年07月24日
13,北京市丰台区康泽园14号楼18层1803:86.57(㎡),住宅用房,北京市丰台区康泽园14号楼18层1803,康泽园,86.57㎡,2室1厅1卫,东向,18,,住宅,52943.00元/㎡,4583276.00元,2021年12月01日
14,北京市丰台区建欣苑四里15号楼7单元602房,住宅用房,北京市丰台区建欣苑四里15号楼7单元602房,建欣苑,67.76㎡,2室1厅1卫,东向,6,,10住宅,34619.00元/㎡,2345783.00元,2021年01月29日
15,丰台区新发地锦程园3号楼3层11单元302号:90.74(㎡),住宅用房,丰台区新发地锦程园3号楼3层11单元302号,新发地锦程园,90.74㎡,2室1厅1卫,南北,3,,住宅,24531.00元/㎡,2225943.00元,2020年11月24日
16,北京市丰台区星河苑1号院21号楼4-702:131.76(㎡),住宅用房,北京市丰台区星河苑1号院21号楼4-702,星河苑1号院,131.76㎡,3室2厅2卫,南向,7,,住宅,74971.00元/㎡,9878179.00元,2021年12月06日
17,北京市丰台区百强大道10号楼5层1单元510:104.08(㎡),住宅用房,北京市丰台区百强大道10号楼5层1单元510,天龙华鹤A座,104.08㎡,2室1厅1卫,南向,5,,住宅,34323.00元/㎡,3572338.00元,2020年12月21日
18,北京市丰台区石榴庄南里66号院6号楼2层3单元202号:164.21(㎡),住宅用房,北京市丰台区石榴庄南里66号院6号楼2层3单元202号,世华水岸,164.21㎡,3室2厅2卫,南北,2,,住宅,67765.00元/㎡,11127691.00元,2021年06月01日
19,丰台区翠庭园8号楼2层1单元202号:115.12(㎡),住宅用房,丰台区翠庭园8号楼2层1单元202号,翠庭园,115.12㎡,3室1厅1卫,南北,2,,住宅,52543.00元/㎡,6048750.00元,2021年10月21日
20,北京市丰台区西罗园二区10号楼1层107号:57.61(㎡),住宅用房,北京市丰台区西罗园二区10号楼1层107号,西罗园,57.61㎡,2室1厅1卫,西向,1,,住宅,62566.00元/㎡,3604427.00元,2021年12月01日
21,北京市丰台区顺八条8号院一区2号楼7层711:70.33(㎡),住宅用房,北京市丰台区顺八条8号院一区2号楼7层711,顺八条8号院,70.33㎡,2室1厅1卫,西南,7,,住宅,48134.00元/㎡,3385264.00元,2020年07月13日
22,北京市丰台区骏景园北区2号楼18层1-1801:46.08(㎡),住宅用房,北京市丰台区骏景园北区2号楼18层1-1801,北京市丰台区骏景园北区,46.08㎡,1室1厅1卫,北向,18,,住宅,56594.00元/㎡,2607852.00元,2021年09月10日
23,北京市大兴区上筑家园7号楼10层2单元1004:62.9(㎡),住宅用房,北京市大兴区上筑家园7号楼10层2单元1004,上筑家园,62.90㎡,1室1厅1卫,北向,10,,住宅,60566.00元/㎡,3809601.00元,2021年09月06日
24,大兴区亦庄镇贵园东里甲4号楼4层1-401:83.69(㎡),住宅用房,大兴区亦庄镇贵园东里甲4号楼4层1-401,贵园东里,83.69㎡,2室1厅1卫,南北,4,,住宅,48732.00元/㎡,4078381.00元,2021年03月11日
25,北京市大兴区团河苑南区9号楼6-201:67.5(㎡),住宅用房,北京市大兴区团河苑南区9号楼6-201,北京市大兴区团河苑南区,67.50㎡,2室1厅1卫,南北,2,,住宅,34007.00元/㎡,2295473.00元,2021年04月20日
26,北京市大兴区开泰东里1号楼8层1单元801:127.61(㎡),住宅用房,北京市大兴区开泰东里1号楼8层1单元801,开泰东里,127.61㎡,3室2厅2卫,南北,8,,住宅,50559.00元/㎡,6451834.00元,2021年10月11日
27,大兴区旧宫镇上林苑4号楼6层4-602:72.2(㎡),住宅用房,大兴区旧宫镇上林苑4号楼6层4-602,上林苑,72.20㎡,1室1厅1卫,南北,6,,住宅,40271.00元/㎡,2907566.00元,2021年08月05日
28,北京市大兴区欣荣北大街45号院1号楼17层1702号:66.58(㎡),住宅用房,北京市大兴区欣荣北大街45号院1号楼17层1702号,北京市大兴区欣荣北大街45号院,66.58㎡,1室0厅1卫,东向,17,,住宅,41118.00元/㎡,2737636.00元,2021年06月07日
29,大兴区欣荣北大街45号院4号楼14层1406:70.33(㎡),住宅用房,大兴区欣荣北大街45号院4号楼14层1406,鸿坤理想城,70.33㎡,2室1厅1卫,南向,14,,住宅,35887.00元/㎡,2523933.00元,2020年11月09日
30,北京市大兴区芳源里10号楼4层6单元401:117.88(㎡),住宅用房,北京市大兴区芳源里10号楼4层6单元401,芳源里,117.88㎡,3室2厅2卫,南北,4,,住宅,46932.00元/㎡,5532344.00元,2021年11月03日
31,北京市大兴区芳苑小区1号楼7层3单元701:90.87(㎡),住宅用房,北京市大兴区芳苑小区1号楼7层3单元701,芳苑小区,90.87㎡,2室1厅1卫,南北,7,,住宅,37942.00元/㎡,3447790.00元,2020年09月10日
32,北京市大兴区芳苑小区4号楼7层5单元702:90.87(㎡),住宅用房,北京市大兴区芳苑小区4号楼7层5单元702,北京市大兴区芳苑小区4号楼,90.87㎡,2室1厅1卫,南北,7,,住宅,36834.00元/㎡,3347106.00元,2020年11月02日
33,北京市大兴区黄村镇泰中花园7号楼13层1304:108.1(㎡),住宅用房,北京市大兴区黄村镇泰中花园7号楼13层1304,泰中花园,108.10㎡,2室1厅2卫,东北,13,,住宅,33534.00元/㎡,3625025.00元,2021年08月26日
34,北京市大兴区黄村镇清源西里38号楼1层2-101:51.16(㎡),住宅用房,北京市大兴区黄村镇清源西里38号楼1层2-101,清源西里,51.16㎡,2室1厅1卫,南北,1,,住宅,41986.00元/㎡,2148004.00元,2020年09月11日
35,北京市密云区博世庄园9号楼6层602:152.22(㎡),住宅用房,北京市密云区博世庄园9号楼6层602,博世庄园,152.22㎡,3室2厅2卫,南北,6,,住宅,14567.00元/㎡,2217389.00元,2020年11月27日
36,密云区开园小区13号楼18层1单元1801:104.94(㎡),住宅用房,密云区开园小区13号楼18层1单元1801,开园小区,104.94㎡,2室1厅1卫,南北,18,,住宅,20783.00元/㎡,2180968.00元,2020年12月15日
37,密云区檀州家园西区4号楼3层3单元302:91.96(㎡),住宅用房,密云区檀州家园西区4号楼3层3单元302,密云区檀州家园西区4号楼3层3单元302,91.96㎡,2室2厅1卫,南北,3,,住宅,18113.00元/㎡,1665671.00元,2021年01月13日
38,密云区花园路16号院5号楼6层2单元601:195.99(㎡),住宅用房,密云区花园路16号院5号楼6层2单元601,密云区花园路16号院5号楼6层2单元601,195.99㎡,4室2厅2卫,南北,6,,住宅,25307.00元/㎡,4959919.00元,2021年02月22日
39,密云区阳光街385号院6号楼4层3单元401:107.93(㎡),住宅用房,密云区阳光街385号院6号楼4层3单元401,保利花园,107.93㎡,2室2厅1卫,南北,4,,住宅,23666.00元/㎡,2554271.00元,2021年05月24日
40,北京市平谷区平谷镇林荫家园20号楼4层（9）-402号:129.1(㎡),住宅用房,北京市平谷区平谷镇林荫家园20号楼4层（9）-402号,林荫家园,129.10㎡,3室1厅1卫,南北,4,,住宅,22528.00元/㎡,2908365.00元,2021年07月16日
41,7号楼1层2单元202:118.38(㎡),住宅用房,7号楼1层2单元202,东关新区,118.38㎡,3室1厅2卫,南向,1,,住宅,22192.00元/㎡,2627089.00元,2021年03月29日
42,4号楼11层1101:95.13(㎡),住宅用房,4号楼11层1101,尚书苑小区,95.13㎡,3室1厅1卫,东向,11,,成套住宅,29779.00元/㎡,2832876.00元,2021年03月29日
43,延庆镇东关新区7号楼3层1单元105:118.38(㎡),住宅用房,延庆镇东关新区7号楼3层1单元105,东关新区,118.38㎡,3室1厅2卫,南向,3,,住宅,22192.00元/㎡,2627089.00元,2021年03月29日
44,延庆区新兴小区9号楼1层五单元502:80.8(㎡),住宅用房,延庆区新兴小区9号楼1层五单元502,新兴小区,80.80㎡,2室1厅1卫,南北,1,,住宅,21266.00元/㎡,1718293.00元,2021年07月08日
45,10号楼5层509号:113.4(㎡),住宅用房,10号楼5层509号,胜芳园,113.40㎡,3室1厅1卫,南向,5,,住宅,24658.00元/㎡,2796217.00元,2021年03月29日
46,北京市延庆区颍泽洲小区三区7号楼4层107:117.88(㎡),住宅用房,北京市延庆区颍泽洲小区三区7号楼4层107,颍泽洲,117.88㎡,3室1厅1卫,南北,4,,住宅,20855.00元/㎡,2458387.00元,2021年10月11日
47,怀柔区府前街9号院4号楼2层1单元201:108.8(㎡),住宅用房,怀柔区府前街9号院4号楼2层1单元201,怀柔区府前街9号院4号楼2层1单元201,108.80㎡,3室1厅1卫,南北,2,,住宅,30778.00元/㎡,3348646.00元,2021年03月24日
48,怀柔区开放路甲117号楼6层3-601:112.57(㎡),住宅用房,怀柔区开放路甲117号楼6层3-601,开放路甲117号小区,112.57㎡,3室1厅1卫,西向,6,,住宅,22216.00元/㎡,2500855.00元,2021年04月12日
49,怀柔区怡安园1号楼3层5-532:72.36(㎡),住宅用房,怀柔区怡安园1号楼3层5-532,怡安园,72.36㎡,2室1厅1卫,南北,3,,住宅,26372.00元/㎡,1908278.00元,2021年04月01日
50,怀柔区滨湖小区49号楼10层1单元1003:121.74(㎡),住宅用房,怀柔区滨湖小区49号楼10层1单元1003,怀柔区滨湖小区49号楼10层1单元1003,121.74㎡,3室1厅1卫,南北,10,,住宅,26086.00元/㎡,3175710.00元,2020年10月27日
51,北京市房山区城关街道九洲兴达家园B区13号楼3层1-301号:114.13(㎡),住宅用房,北京市房山区城关街道九洲兴达家园B区13号楼3层1-301号,九洲兴达家园,114.13㎡,3室1厅1卫,南北,3,,住宅,18727.00元/㎡,2137313.00元,2022年03月31日
52,北京市房山区窦店镇汇丰街3号院17号6层4单元601:122.54(㎡),住宅用房,北京市房山区窦店镇汇丰街3号院17号6层4单元601,世界名园A区,122.54㎡,2室2厅1卫,东西,6,,住宅,18787.00元/㎡,2302159.00元,2021年03月19日
53,房山区窦店镇腾龙家园二区13号9层2单元901:142.75(㎡),住宅用房,房山区窦店镇腾龙家园二区13号9层2单元901,腾龙家园二区,142.75㎡,3室2厅2卫,南北,9,,住宅,19564.00元/㎡,2792761.00元,2022年03月23日
54,北京市房山区长阳镇大宁山庄三区19号楼2层2-202:129.93(㎡),住宅用房,北京市房山区长阳镇大宁山庄三区19号楼2层2-202,大宁山庄,129.93㎡,2室1厅1卫,南北,2,,住宅,38527.00元/㎡,5005813.00元,2021年05月24日
55,昌平区东小口镇北郊肿瘤医院宿舍6号楼6层1单元602:61.55(㎡),住宅用房,昌平区东小口镇北郊肿瘤医院宿舍6号楼6层1单元602,昌平区东小口镇北郊肿瘤医院宿舍,61.55㎡,2室1厅1卫,东向,6,,住宅,28979.00元/㎡,1783657.00元,2021年02月05日
56,北京市昌平区东小口镇天通东苑一区45号楼5层2单元501:76.36(㎡),住宅用房,北京市昌平区东小口镇天通东苑一区45号楼5层2单元501,北京市昌平区东小口镇天通东苑一区,76.36㎡,2室1厅1卫,南北,5,,住宅,32486.00元/㎡,2480631.00元,2021年01月19日
57,北京市昌平区东小口镇天通苑小区东苑7号楼26层2:155.82(㎡),住宅用房,北京市昌平区东小口镇天通苑小区东苑7号楼26层2,天通苑小区东苑,155.82㎡,2室1厅1卫,东向,26,,住宅,30900.00元/㎡,4814838.00元,2021年11月08日
58,北京市昌平区北七家镇北亚花园16号楼1层1单元1A号:79.48(㎡),住宅用房,北京市昌平区北七家镇北亚花园16号楼1层1单元1A号,北亚花园,79.48㎡,2室1厅1卫,东西,1,,住宅,32789.00元/㎡,2606070.00元,2021年05月26日
59,北京市昌平区北七家镇燕城苑14号楼3层1单元301:107.65(㎡),住宅用房,北京市昌平区北七家镇燕城苑14号楼3层1单元301,北京市昌平区北七家镇燕城苑,107.65㎡,3室1厅1卫,南北,3,,住宅,36804.00元/㎡,3961951.00元,2021年05月14日
60,北京市昌平区回龙观镇东村家园5号楼7至8层4单元701:120.39(㎡),住宅用房,北京市昌平区回龙观镇东村家园5号楼7至8层4单元701,东村家园,120.39㎡,3室2厅2卫,南北,7,,住宅,45065.00元/㎡,5425375.00元,2021年09月10日
61,昌平区回龙观镇二拨子村北京人家16号楼1层1单元102:117.41(㎡),住宅用房,昌平区回龙观镇二拨子村北京人家16号楼1层1单元102,北京人家,117.41㎡,3室1厅1卫,南北,1,,住宅,54137.00元/㎡,6356225.00元,2021年06月17日
62,,住宅用房,,北京市农业职业学院校内,116.95㎡,3室1厅1卫,南北,1,,住宅,39580.00元/㎡,4628881.00元,2021年05月12日
63,北京市昌平区回龙观镇金达园小区1号楼2层208:49.31(㎡),住宅用房,北京市昌平区回龙观镇金达园小区1号楼2层208,金达园,49.31㎡,1室1厅1卫,南北,2,,住宅,53108.00元/㎡,2618755.00元,2021年04月13日
64,北京市昌平区回龙观镇龙禧苑三区15号楼2层3单元202:99.52(㎡),住宅用房,北京市昌平区回龙观镇龙禧苑三区15号楼2层3单元202,北店嘉园,99.52㎡,2室1厅1卫,南北,2,,住宅,42239.00元/㎡,4203625.00元,2021年01月26日
65,昌平区天权路2号院28号楼7层4单元701:97.8(㎡),住宅用房,昌平区天权路2号院28号楼7层4单元701,金色漫香苑,97.80㎡,2室1厅1卫,南北,7,,住宅,49488.00元/㎡,4839926.00元,2021年12月07日
66,北京市昌平区天通中苑61号楼12层4单元1202:157.83(㎡),住宅用房,北京市昌平区天通中苑61号楼12层4单元1202,天通中苑,157.83㎡,3室2厅2卫,南北,12,,住宅,43953.00元/㎡,6937102.00元,2021年06月25日
67,北京市昌平区小汤山镇沙顺路68号（翰宏花园）1-43号-1至2层:360.78(㎡),住宅用房,北京市昌平区小汤山镇沙顺路68号（翰宏花园）1-43号-1至2层,纳帕溪谷,360.78㎡,4室2厅3卫,南北,0,,住宅,44121.00元/㎡,15917974.00元,2022年02月28日
68,北京市昌平区政府街6号院6号楼14至15层1单元15A03:302.21(㎡),住宅用房,北京市昌平区政府街6号院6号楼14至15层1单元15A03,新新公寓,302.21㎡,5室2厅4卫,南北,14,,住宅,29823.00元/㎡,9012809.00元,2021年01月19日
69,北京市昌平区新悦家园13号楼4层2单元402:130.52(㎡),住宅用房,北京市昌平区新悦家园13号楼4层2单元402,新悦家园,130.52㎡,3室1厅1卫,南北,4,,住宅,37398.00元/㎡,4881187.00元,2022年03月14日
70,北京市昌平区昌平镇水屯家园7号楼1单元-1层1单元F102:73.58(㎡),住宅用房,北京市昌平区昌平镇水屯家园7号楼1单元-1层1单元F102,水屯家园,73.58㎡,2室1厅1卫,南北,-1,,住宅,28102.00元/㎡,2067745.00元,2022年04月08日
71,北京市昌平区沙阳路32号院8号楼3层2单元301:51.11(㎡),住宅用房,北京市昌平区沙阳路32号院8号楼3层2单元301,保利芳园,51.11㎡,2室1厅1卫,南北,3,,住宅,48594.00元/㎡,2483639.00元,2021年12月20日
72,北京市朝阳区世纪东方嘉园210楼2层201:133(㎡),住宅用房,北京市朝阳区世纪东方嘉园210楼2层201,世纪东方城,133.00㎡,3室2厅2卫,东南,2,,住宅,40073.00元/㎡,5329709.00元,2020年11月11日
73,东三环中路39号院7号楼16层1903:288.99(㎡),住宅用房,东三环中路39号院7号楼16层1903,建外SOHO,288.99㎡,3室2厅3卫,东南,16,,高档公寓,49834.00元/㎡,14401528.00元,2021年12月21日
74,北京市朝阳区东三环北路30号21至22层二座26H:285.7(㎡),住宅用房,北京市朝阳区东三环北路30号21至22层二座26H,紫荆豪庭,285.70㎡,5室2厅2卫,东南,21,,高档公寓,43109.00元/㎡,12316241.00元,2020年12月25日
75,北京市朝阳区东三环南路54号院3号楼21层2110:130.6(㎡),住宅用房,北京市朝阳区东三环南路54号院3号楼21层2110,北京市朝阳区东三环南路54号院,130.60㎡,3室1厅2卫,南北,21,,住宅,55962.00元/㎡,7308637.00元,2021年03月11日
76,北京市朝阳区东四环北路6号二区30号楼16层1902号:253.44(㎡),住宅用房,北京市朝阳区东四环北路6号二区30号楼16层1902号,安徒生花园,253.44㎡,4室2厅3卫,南北,16,,住宅,88543.00元/㎡,22440338.00元,2021年04月02日
77,北京市朝阳区倚林佳园21号楼21-E号:246.87(㎡),,北京市朝阳区倚林佳园21号楼21-E号,倚林佳园,246.87㎡,3室2厅3卫,南北,0,,住宅,83860.00元/㎡,20702518.00元,2020年01月20日
78,北京市朝阳区八里庄南里13号楼5层2:71.94(㎡),住宅用房,北京市朝阳区八里庄南里13号楼5层2,八里庄南里13号楼,71.94㎡,2室1厅1卫,南向,5,,住宅,52557.00元/㎡,3780951.00元,2021年03月22日
79,北京市朝阳区八里庄西里2号楼1层1J:79.36(㎡),住宅用房,北京市朝阳区八里庄西里2号楼1层1J,晨曦园,79.36㎡,2室1厅1卫,西向,1,,住宅,55482.00元/㎡,4403052.00元,2021年11月04日
80,北京市朝阳区六里屯北里6号楼6层7门602:54.32(㎡),住宅用房,北京市朝阳区六里屯北里6号楼6层7门602,六里屯社区,54.32㎡,2室1厅1卫,南向,6,,住宅,60876.00元/㎡,3306784.00元,2021年10月09日
81,北京市朝阳区农光东里33号楼8层803号:64.17(㎡),住宅用房,北京市朝阳区农光东里33号楼8层803号,农光东里,64.17㎡,2室1厅1卫,东南,8,,住宅,60687.00元/㎡,3894285.00元,2020年06月22日
82,北京市朝阳区劲松一区135号楼-1层2门01:37.19(㎡),住宅用房,北京市朝阳区劲松一区135号楼-1层2门01,劲松一区,37.19㎡,1室0厅1卫,南向,-1,,住宅,63121.00元/㎡,2347470.00元,2020年11月04日
83,北京市朝阳区劲松八区835号楼4层3门12:61.3(㎡),住宅用房,北京市朝阳区劲松八区835号楼4层3门12,劲松八区835号楼,61.30㎡,2室1厅1卫,东西,4,,住宅,53466.00元/㎡,3277466.00元,2021年04月21日
84,北京市朝阳区北苑路172号院19号楼18层1806号:180.93(㎡),住宅用房,北京市朝阳区北苑路172号院19号楼18层1806号,欧陆经典,180.93㎡,4室2厅2卫,东北,18,,住宅,72793.00元/㎡,13170437.00元,2021年03月23日
85,北京市朝阳区十里堡北里1号楼2层201号:61.49(㎡),住宅用房,北京市朝阳区十里堡北里1号楼2层201号,北京市朝阳区十里堡北里1号楼,61.49㎡,2室1厅1卫,西南,2,,住宅,61190.00元/㎡,3762573.00元,2021年10月20日
86,北京市朝阳区南湖中园114号楼1层5单元102:71.28(㎡),住宅用房,北京市朝阳区南湖中园114号楼1层5单元102,南湖中园一区,71.28㎡,2室1厅1卫,南北,1,,住宅,72779.00元/㎡,5187687.00元,2021年08月16日
87,北京市朝阳区南湖南路8号院2号楼3层4门303:145.55(㎡),住宅用房,北京市朝阳区南湖南路8号院2号楼3层4门303,风格雅园,145.55㎡,3室2厅2卫,南北,3,,住宅,70784.00元/㎡,10302611.00元,2021年03月05日
88,北京市朝阳区南磨房路16号院1号楼8层2单元803:148.11(㎡),住宅用房,北京市朝阳区南磨房路16号院1号楼8层2单元803,南磨房路16号院,148.11㎡,3室1厅2卫,南北,8,,住宅,33306.00元/㎡,4932952.00元,2020年10月14日
89,北京市朝阳区双桥东路12号院3号楼11层3单元1103:83.62(㎡),住宅用房,北京市朝阳区双桥东路12号院3号楼11层3单元1103,双桥东路12号院,83.62㎡,2室1厅1卫,东西,11,,住宅,33652.00元/㎡,2813980.00元,2022年03月02日
90,北京市朝阳区向军北里28号院2号楼20层5单元2302:233.46(㎡),住宅用房,北京市朝阳区向军北里28号院2号楼20层5单元2302,向军北里28号院,233.46㎡,5室2厅2卫,南北,20,,住宅,58799.00元/㎡,13727215.00元,2020年10月14日
91,北京市朝阳区周庄山水文园4号楼6层8-602:221.33(㎡),住宅用房,北京市朝阳区周庄山水文园4号楼6层8-602,山水文园4号楼,221.33㎡,5室3厅3卫,南北,6,,住宅,81322.00元/㎡,17998998.00元,2020年08月04日
92,北京市朝阳区呼家楼北街13号楼1层3单元131:61.45(㎡),住宅用房,北京市朝阳区呼家楼北街13号楼1层3单元131,呼家楼北街13号楼,61.45㎡,2室1厅1卫,南北,1,,住宅,52947.00元/㎡,3253593.00元,2020年11月30日
93,北京市朝阳区四季星河中街1号院1号楼10层3单元1102号:330.17(㎡),住宅用房,北京市朝阳区四季星河中街1号院1号楼10层3单元1102号,星河湾,330.17㎡,3室3厅4卫,南北,10,,住宅,66815.00元/㎡,22060309.00元,2020年11月14日
94,北京市朝阳区垡头翠成馨园503号楼26层2602:79.69(㎡),住宅用房,北京市朝阳区垡头翠成馨园503号楼26层2602,翠成馨园,79.69㎡,2室1厅1卫,东向,26,,住宅,32274.00元/㎡,2571915.00元,2020年10月13日
95,北京市朝阳区域清街2号院8号楼14层2单元1402:104.87(㎡),住宅用房,北京市朝阳区域清街2号院8号楼14层2单元1402,域清街2号院,104.87㎡,2室1厅1卫,南北,14,,住宅,100389.00元/㎡,10527794.00元,2021年06月22日
96,北京市朝阳区天畅园4号楼30层3002:90.08(㎡),住宅用房,北京市朝阳区天畅园4号楼30层3002,天畅园,90.08㎡,1室1厅1卫,东北,30,,住宅,56809.00元/㎡,5117355.00元,2020年07月15日
97,北京市朝阳区太阳宫南街25号院1号楼19层1193:96.88(㎡),住宅用房,北京市朝阳区太阳宫南街25号院1号楼19层1193,太阳宫南街,96.88㎡,2室1厅2卫,南北,19,,住宅,64402.00元/㎡,6239266.00元,2021年02月26日
98,北京市朝阳区太阳宫金星园1号楼8层3-3084号:132.58(㎡),住宅用房,北京市朝阳区太阳宫金星园1号楼8层3-3084号,太阳宫金星园1号楼,132.58㎡,3室2厅2卫,南北,8,,住宅,75377.00元/㎡,9993483.00元,2020年08月31日
99,北京市朝阳区安华里一区8号楼15层1501:84.41(㎡),住宅用房,北京市朝阳区安华里一区8号楼15层1501,安华里一区,84.41㎡,3室1厅1卫,东南,15,,住宅,79931.00元/㎡,6746976.00元,2021年03月25日
100,北京市朝阳区安慧东里11号楼3层303:45.91(㎡),住宅用房,北京市朝阳区安慧东里11号楼3层303,安慧东里,45.91㎡,1室1厅1卫,西向,3,,住宅,74589.00元/㎡,3424381.00元,2021年05月28日
101,北京市朝阳区安贞西里四区8号楼6层3门601号:75.91(㎡),住宅用房,北京市朝阳区安贞西里四区8号楼6层3门601号,安贞西里四区,75.91㎡,3室1厅1卫,南北,6,,住宅,69827.00元/㎡,5300568.00元,2020年12月29日
102,北京市朝阳区定福庄西里1号院14号楼2层3-201:70.96(㎡),住宅用房,北京市朝阳区定福庄西里1号院14号楼2层3-201,定福庄西里,70.96㎡,2室1厅1卫,东西,2,,住宅,50229.00元/㎡,3564250.00元,2021年12月08日
103,小庄6号1号楼28至29层3205:378.35(㎡),住宅用房,小庄6号1号楼28至29层3205,纽约豪园,378.35㎡,5室2厅3卫,东南,28,,高档公寓,60119.00元/㎡,22746024.00元,2021年03月18日
104,朝阳区小庄6号3号楼25至26层29D:370.58(㎡),住宅用房,朝阳区小庄6号3号楼25至26层29D,纽约豪园,370.58㎡,5室2厅3卫,东北,25,,高档公寓,56673.00元/㎡,21001880.00元,2021年03月18日
105,北京市朝阳区小营路9号院2号楼4层412:134.37(㎡),住宅用房,北京市朝阳区小营路9号院2号楼4层412,小营路9号院,134.37㎡,3室1厅1卫,北向,4,,住宅,57800.00元/㎡,7766586.00元,2021年04月19日
106,朝阳区左安门外饮马井1号院1号楼12层1308:45.49(㎡),住宅用房,朝阳区左安门外饮马井1号院1号楼12层1308,新标家园,45.49㎡,1室1厅1卫,北向,12,,住宅,82980.00元/㎡,3774760.00元,2022年03月22日
107,北京市朝阳区常通路4号院3号楼13层7单元1602号:142.11(㎡),住宅用房,北京市朝阳区常通路4号院3号楼13层7单元1602号,长楹天街,142.11㎡,3室2厅2卫,南北,13,,住宅,68247.00元/㎡,9698581.00元,2021年01月19日
108,北京市朝阳区幸福二村39号楼13层2单元1306:92.03(㎡),住宅用房,北京市朝阳区幸福二村39号楼13层2单元1306,幸福二村,92.03㎡,1室1厅1卫,东向,13,,高档公寓,64290.00元/㎡,5916609.00元,2020年09月08日
109,北京市朝阳区康静里17号楼3层7门302:47(㎡),住宅用房,北京市朝阳区康静里17号楼3层7门302,康静里17号楼,47.00㎡,1室1厅1卫,南向,3,,住宅,50272.00元/㎡,2362784.00元,2021年03月25日
110,北京市朝阳区建国路18号院5号楼24层2405:153.52(㎡),住宅用房,北京市朝阳区建国路18号院5号楼24层2405,建国路18号院,153.52㎡,3室2厅2卫,南北,24,,住宅,49968.00元/㎡,7671087.00元,2021年01月06日
111,北京市朝阳区建国路88号院10号楼23层2709,住宅用房,北京市朝阳区建国路88号院10号楼23层2709,SOHO现代城,137.89㎡,4室0厅0卫,西向,27,,10住宅,45516.00元/㎡,6276201.00元,2021年01月29日
112,北京市朝阳区建国路88号院7号楼25至26层2801:260.44(㎡),住宅用房,北京市朝阳区建国路88号院7号楼25至26层2801,建国路88号院7,260.44㎡,3室1厅2卫,北向,25,,住宅,34211.00元/㎡,8909913.00元,2020年12月30日
113,北京市朝阳区建国路91号院5号楼25层2单元2902:112.03(㎡),住宅用房,北京市朝阳区建国路91号院5号楼25层2单元2902,金地国际花园,112.03㎡,2室1厅2卫,南向,25,,高档公寓,116249.00元/㎡,13023375.00元,2021年10月27日
114,北京市朝阳区弘善家园408号楼10层1012号:79.1(㎡),住宅用房,北京市朝阳区弘善家园408号楼10层1012号,弘善家园,79.10㎡,2室1厅1卫,南向,10,,住宅,43106.00元/㎡,3409685.00元,2020年11月19日
115,北京市朝阳区惠民园10号楼15层1501号:118.23(㎡),住宅用房,北京市朝阳区惠民园10号楼15层1501号,通惠家园惠民园,118.23㎡,3室1厅1卫,北向,15,,住宅,41338.00元/㎡,4887392.00元,2020年08月31日
116,北京市朝阳区慈云寺1号院1号楼6层601:147.69(㎡),住宅用房,北京市朝阳区慈云寺1号院1号楼6层601,慈云家园1号院,147.69㎡,2室2厅2卫,东北,6,,住宅,59094.00元/㎡,8727593.00元,2020年10月29日
117,北京市朝阳区新东路10号楼5层607:218.27(㎡),住宅用房,北京市朝阳区新东路10号楼5层607,北京市朝阳区新东路10号楼5层607,218.27㎡,3室1厅2卫,东南,5,,住宅,63018.00元/㎡,13754939.00元,2022年03月18日
118,朝阳区新东路4号楼9层903:58.29(㎡),住宅用房,朝阳区新东路4号楼9层903,新东路,58.29㎡,2室1厅1卫,东向,9,,住宅,82736.00元/㎡,4822681.00元,2022年03月01日
119,北京市朝阳区望京东园109号楼14层9单元1702:73.55(㎡),住宅用房,北京市朝阳区望京东园109号楼14层9单元1702,宝星国际二期,73.55㎡,1室1厅1卫,东向,14,,住宅,60993.00元/㎡,4486035.00元,2021年01月05日
120,朝阳区望京东园110号楼15层12单元1801:155.53(㎡),住宅用房,朝阳区望京东园110号楼15层12单元1801,宝星园,155.53㎡,3室1厅1卫,南北,15,,住宅,55930.00元/㎡,8698793.00元,2020年12月04日
121,北京市朝阳区望京西路50号院8号楼22至23层2单元2602:241.91(㎡),住宅用房,北京市朝阳区望京西路50号院8号楼22至23层2单元2602,鹿港嘉苑,241.91㎡,5室2厅2卫,南北,23,,住宅,91637.00元/㎡,22167907.00元,2021年09月29日
122,北京市朝阳区松榆东里18号楼3层2单元231:45.31(㎡),住宅用房,北京市朝阳区松榆东里18号楼3层2单元231,松榆东里,45.31㎡,1室1厅1卫,南北,3,,住宅,47487.00元/㎡,2151636.00元,2020年11月10日
123,朝阳区林萃西里28、29号楼及2号平台28号楼7层6-702:130.97(㎡),住宅用房,朝阳区林萃西里28、29号楼及2号平台28号楼7层6-702,朝阳区林萃西里28、29号楼及2号平台28号楼7层6-702,130.97㎡,3室1厅1卫,南北,7,,住宅,72729.00元/㎡,9525317.00元,2021年12月20日
124,北京市朝阳区柳芳北街9号院1号楼3层2单元301:57.98(㎡),住宅用房,北京市朝阳区柳芳北街9号院1号楼3层2单元301,柳芳北街,57.98㎡,1室1厅1卫,南北,3,,住宅,55222.00元/㎡,3201772.00元,2020年11月20日
125,北京市朝阳区武圣西里9号楼4单元203号:56.45(㎡),住宅用房,北京市朝阳区武圣西里9号楼4单元203号,武圣西里,56.45㎡,2室1厅1卫,南北,2,,住宅,61457.00元/㎡,3469248.00元,2021年04月26日
126,北京市朝阳区水岸中街19号院7号楼22层2203:127.49(㎡),住宅用房,北京市朝阳区水岸中街19号院7号楼22层2203,世华泊郡,127.49㎡,3室2厅2卫,南北,22,,住宅,82107.00元/㎡,10467821.00元,2022年01月21日
127,北京市朝阳区水碓子北里1号楼3层1单元307:155.38(㎡),住宅用房,北京市朝阳区水碓子北里1号楼3层1单元307,北京市朝阳区水碓子北里1号楼,155.38㎡,3室2厅2卫,北向,3,,住宅,51098.00元/㎡,7939607.00元,2020年12月29日
128,北京市朝阳区水碓子北里1号楼9层1单元1001:163.15(㎡),住宅用房,北京市朝阳区水碓子北里1号楼9层1单元1001,万科东第,163.15㎡,3室2厅2卫,北向,9,,住宅,63823.00元/㎡,10412722.00元,2020年12月29日
129,朝阳区水郡长安家园1号院2号楼2层2单元206:56.35(㎡),住宅用房,朝阳区水郡长安家园1号院2号楼2层2单元206,水郡长安家园1号院,56.35㎡,1室1厅1卫,北向,2,,住宅,51474.00元/㎡,2900560.00元,2020年11月06日
130,北京市朝阳区永安里中街3号楼2层2-202:55.94(㎡),住宅用房,北京市朝阳区永安里中街3号楼2层2-202,永安里中街3号楼,55.94㎡,2室1厅1卫,南北,2,,住宅,58739.00元/㎡,3285860.00元,2021年03月23日
131,北京市朝阳区百子湾路32号院2号楼12层1座1517:59.16(㎡),住宅用房,北京市朝阳区百子湾路32号院2号楼12层1座1517,北京市朝阳区百子湾路32号院2号楼12层1座1517,59.16㎡,1室0厅1卫,南向,12,,住宅,52283.00元/㎡,3093062.00元,2021年01月20日
132,朝阳区石佛营西里21号楼8层7门813:69.24(㎡),住宅用房,朝阳区石佛营西里21号楼8层7门813,石佛营西里小区,69.24㎡,2室1厅1卫,南北,8,,住宅,63353.00元/㎡,4386562.00元,2021年12月04日
133,北京市朝阳区石佛营西里35号楼3层5门505号:62.18(㎡),住宅用房,北京市朝阳区石佛营西里35号楼3层5门505号,北京市朝阳区石佛营西里,62.18㎡,2室1厅1卫,南北,3,,住宅,49273.00元/㎡,3063795.00元,2021年02月07日
134,北京市朝阳区科荟路8号1号楼9层903:205.44(㎡),住宅用房,北京市朝阳区科荟路8号1号楼9层903,北京荣尊堡国际俱乐部公寓,205.44㎡,4室2厅3卫,东南,9,,住宅,76988.00元/㎡,15816415.00元,2021年08月03日
135,朝阳区紫绶园4号楼8层8门801:84.1(㎡),住宅用房,朝阳区紫绶园4号楼8层8门801,北京市朝阳区紫绶园,84.10㎡,2室1厅1卫,南北,8,,住宅,49050.00元/㎡,4125105.00元,2021年04月20日
136,朝阳区绿丰家园37号楼1层1单元102:81.23(㎡),住宅用房,朝阳区绿丰家园37号楼1层1单元102,绿丰家园,81.23㎡,2室1厅1卫,南北,1,,住宅,36735.00元/㎡,2983984.00元,2021年07月09日
137,北京市朝阳区芍药居北里317号楼3层3单元303:88.03(㎡),住宅用房,北京市朝阳区芍药居北里317号楼3层3单元303,芍药居北里,88.03㎡,2室1厅1卫,南向,3,,住宅,61854.00元/㎡,5445008.00元,2020年12月29日
138,北京市朝阳区芍药居北里317号楼6层2单元601:108.77(㎡),住宅用房,北京市朝阳区芍药居北里317号楼6层2单元601,芍药居北里317号楼,108.77㎡,3室1厅1卫,南北,6,,住宅,98254.00元/㎡,10687088.00元,2021年11月04日
139,北京市朝阳区西大望路63号院2号楼8层1单元901:44.34(㎡),住宅用房,北京市朝阳区西大望路63号院2号楼8层1单元901,东方雅苑,44.34㎡,1室0厅1卫,西向,8,,住宅,81499.00元/㎡,3613666.00元,2022年01月05日
140,北京市朝阳区西大望路63号院4号楼16层1单元1901:111.95(㎡),住宅用房,北京市朝阳区西大望路63号院4号楼16层1单元1901,西大望路63号院,111.95㎡,2室1厅2卫,南北,16,,住宅,51779.00元/㎡,5796659.00元,2021年01月18日
141,北京市朝阳区西大望路三号院2号楼H单元2101号:154.96(㎡),住宅用房,北京市朝阳区西大望路三号院2号楼H单元2101号,西大望路三号院,154.96㎡,3室2厅2卫,南北,18,,住宅,52091.00元/㎡,8072021.00元,2020年08月10日
142,北京市朝阳区观音惠园14号楼3层4单元302号:56.58(㎡),住宅用房,北京市朝阳区观音惠园14号楼3层4单元302号,观音惠园,56.58㎡,1室1厅1卫,南向,3,,住宅,55841.00元/㎡,3159484.00元,2021年07月06日
143,北京市朝阳区雅成二里21号楼1单元2105号:221.33(㎡),住宅用房,北京市朝阳区雅成二里21号楼1单元2105号,雅成二里,221.33㎡,3室2厅2卫,南北,18,,住宅,50084.00元/㎡,11085092.00元,2020年08月31日
144,北京市朝阳区青年路西里3号院1号楼23层3单元2701:144.47(㎡),住宅用房,北京市朝阳区青年路西里3号院1号楼23层3单元2701,国美第一城,144.47㎡,3室2厅1卫,南北,23,,住宅,39601.00元/㎡,5721156.00元,2021年06月17日
145,北京市朝阳区高碑店北路3号楼11层1101室:114.72(㎡),住宅用房,北京市朝阳区高碑店北路3号楼11层1101室,都市经典家园,114.72㎡,3室1厅1卫,西北,11,,住宅,43456.00元/㎡,4985272.00元,2020年11月25日
146,海淀区万寿寺中海紫金苑2号楼4层6门501:240.16(㎡),住宅用房,海淀区万寿寺中海紫金苑2号楼4层6门501,中海紫金苑,240.16㎡,4室2厅2卫,南北,4,,住宅,121549.00元/㎡,29191208.00元,2021年07月19日
147,北京市海淀区万柳万泉新新家园27号楼2层4单元201:165.7(㎡),住宅用房,北京市海淀区万柳万泉新新家园27号楼2层4单元201,万泉新新家园,165.70㎡,4室2厅3卫,南北,2,,住宅,124280.00元/㎡,20593196.00元,2020年12月10日
148,海淀区万柳锋尚名居4号楼14层1402:155.13(㎡),住宅用房,海淀区万柳锋尚名居4号楼14层1402,锋尚名居,155.13㎡,4室2厅2卫,东北,14,,住宅,141026.00元/㎡,21877363.00元,2021年06月02日
149,北京市海淀区万柳锋尚名居5号楼1层1单元101:135.65(㎡),住宅用房,北京市海淀区万柳锋尚名居5号楼1层1单元101,锋尚国际,135.65㎡,3室1厅2卫,南北,1,,住宅,162157.00元/㎡,21996597.00元,2022年01月21日
150,北京市海淀区万泉河路68号紫金庄园1号楼9层908:67.37(㎡),住宅用房,北京市海淀区万泉河路68号紫金庄园1号楼9层908,紫金庄园,67.37㎡,2室1厅1卫,南向,9,,住宅,98662.00元/㎡,6646859.00元,2021年07月08日
151,北京市海淀区万泉河路68号紫金庄园6号楼17层1715:171.3(㎡),住宅用房,北京市海淀区万泉河路68号紫金庄园6号楼17层1715,紫金庄园,171.30㎡,3室1厅2卫,东向,17,,住宅,98249.00元/㎡,16830054.00元,2021年12月23日
152,海淀区中关村东南小区中关村922号楼6层2门604:57.3(㎡),住宅用房,海淀区中关村东南小区中关村922号楼6层2门604,东南小区,57.30㎡,1室1厅1卫,南向,6,,住宅,129437.00元/㎡,7416740.00元,2021年01月29日
153,海淀区中关村南大街12号四区16号楼5层二单元505:54(㎡),住宅用房,海淀区中关村南大街12号四区16号楼5层二单元505,中科院小区,54.00㎡,2室1厅1卫,南北,5,,住宅,166833.00元/㎡,9008982.00元,2021年09月02日
154,海淀区北坞嘉园北里36号楼4层3单元401:64.54(㎡),住宅用房,海淀区北坞嘉园北里36号楼4层3单元401,北坞嘉园北里,64.54㎡,1室1厅1卫,南北,4,,住宅,61113.00元/㎡,3944233.00元,2020年11月26日
155,北京市海淀区卧虎桥甲六号8号楼4层4单元401:63.8(㎡),住宅用房,北京市海淀区卧虎桥甲六号8号楼4层4单元401,北京市海淀区卧虎桥甲六号,63.80㎡,2室1厅1卫,南向,4,,住宅,82004.00元/㎡,5231855.00元,2021年01月26日
156,北京市海淀区厂洼8号楼2层7门202:42.3(㎡),住宅用房,北京市海淀区厂洼8号楼2层7门202,厂洼小区,42.30㎡,1室1厅1卫,南向,2,,住宅,117918.00元/㎡,4987931.00元,2021年08月30日
157,海淀区厂洼西街10号院3号楼6层42门602:175.6(㎡),住宅用房,海淀区厂洼西街10号院3号楼6层42门602,厂洼西街10号院,175.60㎡,3室2厅2卫,南北,6,,住宅,102925.00元/㎡,18073630.00元,2022年02月24日
158,北京市海淀区双清路89号院2号楼9层1单元909:116.93(㎡),住宅用房,北京市海淀区双清路89号院2号楼9层1单元909,红杉国际公寓,116.93㎡,2室1厅2卫,西向,9,,高档公寓,61736.00元/㎡,7218790.00元,2021年05月19日
159,北京市海淀区复兴路12号3栋5层4门39号:88.1(㎡),住宅用房,北京市海淀区复兴路12号3栋5层4门39号,复兴路12号,88.10㎡,3室1厅1卫,南北,5,,住宅,58782.00元/㎡,5178694.00元,2020年11月24日
160,北京市海淀区大柳树5号6层7门602:38.6(㎡),住宅用房,北京市海淀区大柳树5号6层7门602,大柳树五号院,38.60㎡,1室1厅1卫,南向,6,,住宅,73017.00元/㎡,2818456.00元,2021年01月05日
161,北京市海淀区天秀花园荷塘月舍9号楼3层3-302:149.85(㎡),住宅用房,北京市海淀区天秀花园荷塘月舍9号楼3层3-302,荷塘月舍,149.85㎡,3室2厅2卫,南向,3,,住宅,78171.00元/㎡,11713924.00元,2021年01月18日
162,海淀区学清路16号学知园2号楼8层808号:121.3(㎡),住宅用房,海淀区学清路16号学知园2号楼8层808号,学知园,121.30㎡,3室1厅1卫,西北,8,,住宅,87403.00元/㎡,10601984.00元,2021年12月03日
163,北京市海淀区学院南路32号院11号楼3层3门1号:69(㎡),住宅用房,北京市海淀区学院南路32号院11号楼3层3门1号,学院南路32号院,69.00㎡,2室1厅1卫,南北,3,,住宅,88960.00元/㎡,6138240.00元,2021年07月23日
164,北京市海淀区学院路20号29号楼7层708:70.6(㎡),住宅用房,北京市海淀区学院路20号29号楼7层708,石油大院,70.60㎡,3室1厅1卫,西北,7,,住宅,72240.00元/㎡,5100144.00元,2020年11月13日
165,北京市海淀区安宁佳园5号楼3层303:52.59(㎡),住宅用房,北京市海淀区安宁佳园5号楼3层303,安宁佳园,52.59㎡,1室1厅1卫,东北,3,,住宅,99974.00元/㎡,5257633.00元,2022年03月21日
166,海淀区安宁庄上第摩码园5号楼2层3单元202:155.78(㎡),住宅用房,海淀区安宁庄上第摩码园5号楼2层3单元202,上第MOMA,155.78㎡,3室1厅2卫,南北,2,,住宅,51668.00元/㎡,8048841.00元,2020年12月24日
167,北京市海淀区定慧东里3号楼6层1门601:141.4(㎡),住宅用房,北京市海淀区定慧东里3号楼6层1门601,定慧东里,141.40㎡,3室2厅2卫,南北,6,,住宅,84282.00元/㎡,11917475.00元,2021年06月02日
168,北京市海淀区宝盛里24号楼4层6门403:70.19(㎡),住宅用房,北京市海淀区宝盛里24号楼4层6门403,宝盛里小区,70.19㎡,2室1厅1卫,南北,4,,住宅,55225.00元/㎡,3876243.00元,2020年12月18日
169,北京市海淀区常青园二区16号楼4层2门402:171.86(㎡),住宅用房,北京市海淀区常青园二区16号楼4层2门402,北京市海淀区常青园二区,171.86㎡,3室2厅2卫,南北,4,,住宅,47095.00元/㎡,8093747.00元,2020年12月14日
170,海淀区建材城东一里4号楼5层2单元503:94.5(㎡),住宅用房,海淀区建材城东一里4号楼5层2单元503,建材城东一里,94.50㎡,3室1厅1卫,南北,5,,住宅,39053.00元/㎡,3690509.00元,2020年12月21日
171,北京市海淀区建材城西二里12号楼2层甲9单元201:80.2(㎡),住宅用房,北京市海淀区建材城西二里12号楼2层甲9单元201,建材城西二里,80.20㎡,3室1厅1卫,南北,2,,住宅,71093.00元/㎡,5701659.00元,2021年12月20日
172,海淀区建材城西二里17号楼1层4单元102【海淀不动产】:94.25(㎡),住宅用房,海淀区建材城西二里17号楼1层4单元102【海淀不动产】,知本时代,94.25㎡,1室1厅1卫,南向,1,,住宅,66705.00元/㎡,6286946.00元,2022年03月22日
173,北京市海淀区德惠路1号院40号楼3层2单元318:386.26(㎡),住宅用房,北京市海淀区德惠路1号院40号楼3层2单元318,西山壹号院,386.26㎡,4室2厅4卫,南北,3,,住宅,107719.00元/㎡,41607541.00元,2020年09月01日
174,海淀区志新村37号楼5层3-503:59.57(㎡),住宅用房,海淀区志新村37号楼5层3-503,志新村小区,59.57㎡,2室1厅1卫,南北,5,,住宅,115421.00元/㎡,6875629.00元,2021年08月23日
175,北京市海淀区文慧园北路9号今典花园3号楼9层901:154.4(㎡),住宅用房,北京市海淀区文慧园北路9号今典花园3号楼9层901,今典花园,154.40㎡,4室1厅2卫,西向,9,,住宅,99066.00元/㎡,15295790.00元,2021年07月14日
176,海淀区文慧园北路9号今典花园9号楼5层A座503:90.39(㎡),住宅用房,海淀区文慧园北路9号今典花园9号楼5层A座503,今典花园,90.39㎡,2室1厅1卫,西向,5,,住宅,108508.00元/㎡,9808038.00元,2021年08月26日
177,北京市海淀区旱河路301号院9楼2单元201:160.49(㎡),住宅用房,北京市海淀区旱河路301号院9楼2单元201,西山美墅馆,160.49㎡,3室1厅1卫,南北,2,,住宅,81156.00元/㎡,13024726.00元,2020年12月16日
178,北京市海淀区曙光花园望山园1号楼15层18F:194.27(㎡),住宅用房,北京市海淀区曙光花园望山园1号楼15层18F,曙光花园望山园,194.27㎡,3室2厅2卫,南北,15,,住宅,56634.00元/㎡,11002287.00元,2020年12月01日
179,北京市海淀区永泰庄路甲6号院2号楼6层5门602:43.3(㎡),住宅用房,北京市海淀区永泰庄路甲6号院2号楼6层5门602,永泰庄6号院,43.30㎡,2室1厅1卫,南向,6,,住宅,63098.00元/㎡,2732143.00元,2020年12月07日
180,北京市海淀区泉宗路2号万柳光大家园1号楼17层1701号房屋:214.35(㎡),住宅用房,北京市海淀区泉宗路2号万柳光大家园1号楼17层1701号房屋,万柳光大家园,214.35㎡,3室1厅3卫,北向,17,,住宅,84047.00元/㎡,18015474.00元,2020年12月01日
181,北京市海淀区泉宗路2号万柳光大家园1号楼17层1702号房屋:181.52(㎡),住宅用房,北京市海淀区泉宗路2号万柳光大家园1号楼17层1702号房屋,万柳光大家园,181.52㎡,4室1厅2卫,东向,17,,住宅,86240.00元/㎡,15654285.00元,2020年12月01日
182,北京市海淀区泉宗路2号万柳光大家园8号楼12层1588:179.72(㎡),住宅用房,北京市海淀区泉宗路2号万柳光大家园8号楼12层1588,光大花园,179.72㎡,4室2厅2卫,西南,12,,住宅,87399.00元/㎡,15707348.00元,2020年12月01日
183,海淀区清河三街99号2号楼1层2单元211:81.5(㎡),住宅用房,海淀区清河三街99号2号楼1层2单元211,清河砂轮小区,81.50㎡,3室1厅1卫,南北,1,,住宅,70061.00元/㎡,5709972.00元,2021年10月26日
184,北京市海淀区玉海园小区15号楼6层5门602:130.5(㎡),住宅用房,北京市海淀区玉海园小区15号楼6层5门602,玉海园五里,130.50㎡,3室2厅2卫,东西,6,,住宅,58020.00元/㎡,7571610.00元,2020年11月05日
185,北京市海淀区甘家口34号楼1层3门103:60.9(㎡),住宅用房,北京市海淀区甘家口34号楼1层3门103,甘家口小区,60.90㎡,2室1厅1卫,南北,1,,住宅,94921.00元/㎡,5780689.00元,2021年03月29日
186,北京市海淀区白塔庵金谷园5号楼6层3门602:215.02(㎡),住宅用房,北京市海淀区白塔庵金谷园5号楼6层3门602,金谷园,215.02㎡,4室2厅2卫,南北,6,,住宅,106258.00元/㎡,22847595.00元,2022年04月08日
187,海淀区白家疃尚峰园5号楼5层1单元602:152.73(㎡),住宅用房,海淀区白家疃尚峰园5号楼5层1单元602,尚峰尚水尚峰园,152.73㎡,3室2厅2卫,南北,5,,住宅,47950.00元/㎡,7323404.00元,2020年10月26日
188,北京市海淀区知春路17号知春嘉园3号楼19层1901:190.8(㎡),住宅用房,北京市海淀区知春路17号知春嘉园3号楼19层1901,知春嘉园,190.80㎡,5室2厅2卫,东北,19,,住宅,93419.00元/㎡,17824345.00元,2021年06月22日
189,北京市海淀区稻香园小区10号楼1层1-102号:92.02(㎡),住宅用房,北京市海淀区稻香园小区10号楼1层1-102号,稻香园,92.02㎡,2室1厅1卫,南北,1,,住宅,126596.00元/㎡,11649364.00元,2021年12月08日
190,北京市海淀区紫瑞嘉园2号楼7层3单元802:325.04(㎡),住宅用房,北京市海淀区紫瑞嘉园2号楼7层3单元802,紫瑞嘉园,325.04㎡,4室2厅4卫,南北,7,,住宅,93845.00元/㎡,30503379.00元,2021年03月08日
191,北京市海淀区紫竹院路14号1层21门3号:64.2(㎡),住宅用房,北京市海淀区紫竹院路14号1层21门3号,北京市海淀区紫竹院路14号,64.20㎡,2室1厅1卫,南北,1,,住宅,99571.00元/㎡,6392458.00元,2021年06月17日
192,北京市海淀区紫竹院路1号院2号楼8层808:152.45(㎡),住宅用房,北京市海淀区紫竹院路1号院2号楼8层808,紫竹院路1号院,152.45㎡,3室2厅2卫,南北,8,,住宅,94023.00元/㎡,14333806.00元,2020年08月20日
193,北京市海淀区紫竹院路88号A座6层705:112.27(㎡),住宅用房,北京市海淀区紫竹院路88号A座6层705,北京市海淀区紫竹院路88号A座,112.27㎡,2室1厅2卫,北向,6,,高档公寓,72186.00元/㎡,8104322.00元,2021年03月11日
194,海淀区红联北村6号楼1层4门4-1:84.51(㎡),住宅用房,海淀区红联北村6号楼1层4门4-1,红联北村,84.51㎡,3室1厅1卫,南北,1,,住宅,97320.00元/㎡,8224513.00元,2021年12月15日
195,北京市海淀区罗庄南里7号楼2层6门202:60.69(㎡),住宅用房,北京市海淀区罗庄南里7号楼2层6门202,罗庄南里小区,60.69㎡,2室1厅1卫,南北,2,,住宅,103644.00元/㎡,6290154.00元,2022年03月29日
196,海淀区蓝靛厂南路39号院5号楼9层4单元901:168.66(㎡),住宅用房,海淀区蓝靛厂南路39号院5号楼9层4单元901,玫瑰御园,168.66㎡,3室2厅2卫,南北,9,,住宅,110800.00元/㎡,18687528.00元,2020年08月21日
197,海淀区蓝靛厂垂虹园1号楼11层12G:106.96(㎡),住宅用房,海淀区蓝靛厂垂虹园1号楼11层12G,垂虹园,106.96㎡,2室1厅1卫,东向,11,,住宅,115082.00元/㎡,12309171.00元,2021年05月18日
198,海淀区西二旗一里二区5号楼2层2门202:52.9(㎡),住宅用房,海淀区西二旗一里二区5号楼2层2门202,西二旗一里,52.90㎡,1室1厅1卫,南北,2,,住宅,60117.00元/㎡,3180189.00元,2021年05月20日
199,海淀区西直门北大街32号院5号楼10层1106号:113.24(㎡),住宅用房,海淀区西直门北大街32号院5号楼10层1106号,枫蓝国际公寓,113.24㎡,3室1厅1卫,西南,10,,高档公寓,79368.00元/㎡,8987632.00元,2020年12月16日
200,北京市海淀区西翠路5号今日家园4号楼10层1001:140.75(㎡),住宅用房,北京市海淀区西翠路5号今日家园4号楼10层1001,今日家园,140.75㎡,3室2厅2卫,西北,10,,住宅,74220.00元/㎡,10446465.00元,2021年03月01日
201,北京市海淀区金沟河路3号8号楼5层4单元452:53.9(㎡),住宅用房,北京市海淀区金沟河路3号8号楼5层4单元452,金沟河3号院,53.90㎡,2室1厅1卫,南向,5,,住宅,94742.00元/㎡,5106594.00元,2021年08月05日
202,海淀区阜成路53号院水8号楼5层2门502号:56.6(㎡),住宅用房,海淀区阜成路53号院水8号楼5层2门502号,水文社区,56.60㎡,2室1厅1卫,南北,5,,住宅,111917.00元/㎡,6334502.00元,2021年09月02日
203,北京市海淀区香山南路99号221号楼1至2层:385.95(㎡),住宅用房,北京市海淀区香山南路99号221号楼1至2层,西山美庐,385.95㎡,4室2厅3卫,南北,0,,住宅,177104.00元/㎡,68353289.00元,2020年11月03日
204,北京市海淀区香山南辛村20号2号楼2层1门202:53.3(㎡),住宅用房,北京市海淀区香山南辛村20号2号楼2层1门202,中科院植物所家属院,53.30㎡,1室1厅1卫,南向,2,,住宅,83486.00元/㎡,4449804.00元,2022年02月16日
205,北京市海淀区马连洼竹园54号楼4至5层2单元5018:248.73(㎡),住宅用房,北京市海淀区马连洼竹园54号楼4至5层2单元5018,马连洼竹园,248.73㎡,4室2厅3卫,南北,4,,住宅,88481.00元/㎡,22007879.00元,2021年06月07日
206,北京市海淀区魏公村街1号韦伯豪家园1号楼9层902:74.2(㎡),住宅用房,北京市海淀区魏公村街1号韦伯豪家园1号楼9层902,韦伯豪家园,74.20㎡,1室1厅1卫,西向,9,,住宅,111581.00元/㎡,8279310.00元,2021年08月05日
207,北京市海淀区魏公村路8号院4号楼15层1503:96(㎡),住宅用房,北京市海淀区魏公村路8号院4号楼15层1503,魏公村8号院,96.00㎡,3室1厅1卫,东南,15,,住宅,77867.00元/㎡,7475232.00元,2020年11月27日
208,海淀区魏公村路8号院4号楼15层1504:127.2(㎡),住宅用房,海淀区魏公村路8号院4号楼15层1504,魏公村8号院,127.20㎡,4室2厅1卫,南向,15,,住宅,84156.00元/㎡,10704643.00元,2020年11月27日
209,石景山区八角南里13号楼20层2004号:77.08(㎡),住宅用房,石景山区八角南里13号楼20层2004号,八角南里,77.08㎡,2室1厅1卫,东南,20,,住宅,52056.00元/㎡,4012476.00元,2021年07月29日
210,北京市石景山区杨庄北区27号楼2层2单元202号:105.55(㎡),住宅用房,北京市石景山区杨庄北区27号楼2层2单元202号,西现代城,105.55㎡,2室1厅1卫,南北,2,,住宅,51875.00元/㎡,5475406.00元,2021年05月24日
211,石景山区杨庄北区48栋1层106:78.71(㎡),住宅用房,石景山区杨庄北区48栋1层106,奈伦熙府,78.71㎡,2室1厅1卫,西南,1,,住宅,57349.00元/㎡,4513940.00元,2021年08月17日
212,北京市石景山区杨庄北区50号楼19层1单元1901:141.59(㎡),住宅用房,北京市石景山区杨庄北区50号楼19层1单元1901,鼎诚世家,141.59㎡,3室1厅2卫,南北,19,,住宅,62520.00元/㎡,8852207.00元,2021年03月09日
213,石景山区永乐小区10号楼4层1单元10号:58.04(㎡),住宅用房,石景山区永乐小区10号楼4层1单元10号,永乐小区,58.04㎡,3室0厅1卫,南北,4,,住宅,56141.00元/㎡,3258424.00元,2021年10月13日
214,石景山区西井三区2号楼5层3单元501号:63.43(㎡),住宅用房,石景山区西井三区2号楼5层3单元501号,西井三区,63.43㎡,2室1厅1卫,南北,5,,住宅,51867.00元/㎡,3289924.00元,2021年08月18日
215,西城区华远北街1号楼1317号房产:78.5(㎡),住宅用房,西城区华远北街1号楼1317号房产,华远北街,78.50㎡,2室1厅1卫,西向,13,,住宅,108464.00元/㎡,8514424.00元,2020年09月02日
216,北京市西城区厂甸11号2号楼6层3-6-601:64.5(㎡),住宅用房,北京市西城区厂甸11号2号楼6层3-6-601,北京市西城区厂甸11号,64.50㎡,2室1厅1卫,西向,6,,住宅,110567.00元/㎡,7131572.00元,2021年06月02日
217,西城区广安门外大街305号8区7号楼13层1625:25.6(㎡),住宅用房,西城区广安门外大街305号8区7号楼13层1625,荣丰2008,25.60㎡,1室0厅1卫,北向,13,,住宅,151910.00元/㎡,3888896.00元,2021年11月22日
218,西城区建功西里1号楼14层1605:123.42(㎡),住宅用房,西城区建功西里1号楼14层1605,天缘公寓,123.42㎡,2室1厅1卫,南向,14,,住宅,64240.00元/㎡,7928501.00元,2021年03月17日
219,北京市西城区新街口西里三区6号楼6层3门601号:84.86(㎡),住宅用房,北京市西城区新街口西里三区6号楼6层3门601号,新街口西里三区,84.86㎡,3室1厅1卫,南北,6,,住宅,135677.00元/㎡,11513550.00元,2022年02月16日
220,西城区月坛北小街3号楼7门1202号:82.4(㎡),住宅用房,西城区月坛北小街3号楼7门1202号,北京市西城区月坛北小街3号楼7门1202号,82.40㎡,2室1厅1卫,南向,12,,住宅,129611.00元/㎡,10679946.00元,2021年12月22日
221,北京市西城区红居街8号楼16层1605号:119.35(㎡),住宅用房,北京市西城区红居街8号楼16层1605号,北京市西城区远见名苑,119.35㎡,3室1厅2卫,西南,16,,住宅,100014.00元/㎡,11936671.00元,2021年10月17日
222,北京市西城区阜成门南大街9号楼4层3门401号:69.1(㎡),住宅用房,北京市西城区阜成门南大街9号楼4层3门401号,七建家委会小区,69.10㎡,3室1厅1卫,东西,4,,住宅,114864.00元/㎡,7937102.00元,2021年05月11日
223,北京市西城区马连道中里二区3号楼5层①-5-503:59.35(㎡),住宅用房,北京市西城区马连道中里二区3号楼5层①-5-503,马连道中里二区,59.35㎡,2室1厅1卫,南北,5,,住宅,108353.00元/㎡,6430751.00元,2021年07月19日
224,北京市通州区万盛北里459号楼3层3单元301:110.92(㎡),住宅用房,北京市通州区万盛北里459号楼3层3单元301,北京市通州区万盛北里459号楼,110.92㎡,3室1厅2卫,南北,3,,住宅,27713.00元/㎡,3073926.00元,2020年12月11日
225,通州区八里桥南街68号3号楼21层2503:126.05(㎡),住宅用房,通州区八里桥南街68号3号楼21层2503,京贸国际公寓,126.05㎡,3室1厅1卫,西南,21,,住宅,39055.00元/㎡,4922883.00元,2021年12月10日
226,通州区台湖镇次渠大街19号3号楼5至6层352:147.6(㎡),住宅用房,通州区台湖镇次渠大街19号3号楼5至6层352,华馨园,147.60㎡,2室3厅2卫,南北,5,,住宅,32486.00元/㎡,4794934.00元,2022年02月21日
227,北京市通州区天桥湾10号楼1层512:78.46(㎡),住宅用房,北京市通州区天桥湾10号楼1层512,天桥湾,78.46㎡,2室1厅1卫,南北,1,,住宅,42564.00元/㎡,3339571.00元,2021年08月09日
228,通州区安顺北里21号楼4层1单元401:155.3(㎡),住宅用房,通州区安顺北里21号楼4层1单元401,翠福园,155.30㎡,3室1厅2卫,南北,4,,住宅,37810.00元/㎡,5871893.00元,2022年03月30日
229,通州区景盛南二街45号院3号楼5层1单元502:53.05(㎡),住宅用房,通州区景盛南二街45号院3号楼5层1单元502,合生世界村,53.05㎡,1室1厅1卫,西向,5,,住宅,13892.00元/㎡,736971.00元,2020年09月10日
230,通州区杨庄南里甲65号楼6层3单元601:104.58(㎡),住宅用房,通州区杨庄南里甲65号楼6层3单元601,世纪星城,104.58㎡,3室1厅1卫,南北,6,,住宅,44215.00元/㎡,4624005.00元,2021年04月19日
231,通州区杨庄南里甲65号楼8层1单元801:104.84(㎡),住宅用房,通州区杨庄南里甲65号楼8层1单元801,世纪星城,104.84㎡,3室1厅1卫,南北,8,,住宅,45256.00元/㎡,4744639.00元,2021年04月19日
232,通州区芙蓉园287号楼2层1单元204:68.09(㎡),住宅用房,通州区芙蓉园287号楼2层1单元204,京贸国际城,68.09㎡,1室1厅1卫,南向,2,,住宅,55593.00元/㎡,3785327.00元,2021年06月02日
233,通州区草寺500号院二区5号楼1至2层01:293.18(㎡),住宅用房,通州区草寺500号院二区5号楼1至2层01,颐景别墅,293.18㎡,5室3厅3卫,南向,0,,别墅,45333.00元/㎡,13290729.00元,2020年11月10日
234,北京市通州区西马庄24号楼3层432:77.46(㎡),住宅用房,北京市通州区西马庄24号楼3层432,西马庄24号楼,77.46㎡,2室1厅1卫,东西,3,,住宅,32813.00元/㎡,2541695.00元,2022年03月09日
235,北京市通州区龙旺西里100号楼6层1单元608:66.24(㎡),住宅用房,北京市通州区龙旺西里100号楼6层1单元608,浅水湾,66.24㎡,2室1厅1卫,南北,6,,住宅,49284.00元/㎡,3264572.00元,2021年05月31日
236,门头沟区西宁路1号楼5层2单元501号:60.25(㎡),住宅用房,门头沟区西宁路1号楼5层2单元501号,三家店西宁路,60.25㎡,2室1厅1卫,南北,5,,住宅,29452.00元/㎡,1774483.00元,2022年02月28日
237,博特花园14号楼-1至2层全部:429.61(㎡),住宅用房,博特花园14号楼-1至2层全部,波特兰花园,429.61㎡,5室2厅3卫,南北,0,,别墅,39402.00元/㎡,16927493.00元,2022年02月07日
238,北京市顺义区双兴南区40号楼7层7单元702:149.2(㎡),住宅用房,北京市顺义区双兴南区40号楼7层7单元702,双兴南区,149.20㎡,3室1厅2卫,南北,7,,住宅,28462.00元/㎡,4246530.00元,2020年12月07日
239,北京市顺义区港馨家园35号楼6层二单元602:81.63(㎡),住宅用房,北京市顺义区港馨家园35号楼6层二单元602,港馨家园,81.63㎡,2室1厅1卫,南北,6,,住宅,33901.00元/㎡,2767339.00元,2021年08月23日
240,顺义区港馨家园47号楼3层五单元302:89.84(㎡),住宅用房,顺义区港馨家园47号楼3层五单元302,港馨家园,89.84㎡,2室1厅1卫,南北,3,,住宅,32230.00元/㎡,2895543.00元,2022年03月08日
241,北京市顺义区滨河小区36号楼8单元301:76.53(㎡),住宅用房,北京市顺义区滨河小区36号楼8单元301,望潮家园,76.53㎡,2室1厅1卫,南北,3,,住宅,33666.00元/㎡,2576459.00元,2021年08月16日
242,顺义区石园南区30号楼5层四单元501:86.04(㎡),住宅用房,顺义区石园南区30号楼5层四单元501,石园南社区,86.04㎡,2室1厅1卫,南北,5,,住宅,29106.00元/㎡,2504280.00元,2022年03月25日
243,顺义区站前街8号院10号楼9层1单元1001:112.82(㎡),住宅用房,顺义区站前街8号院10号楼9层1单元1001,站前街8号院,112.82㎡,3室1厅2卫,南北,9,,住宅,29513.00元/㎡,3329657.00元,2020年12月14日
244,北京市顺义区绿港家园四区3号楼5层2单元502:166.42(㎡),住宅用房,北京市顺义区绿港家园四区3号楼5层2单元502,绿港家园四区,166.42㎡,3室2厅2卫,南北,5,,住宅,40814.00元/㎡,6792266.00元,2020年09月09日
245,北京市顺义区裕龙花园六区30号楼3层一单元301:118.98(㎡),住宅用房,北京市顺义区裕龙花园六区30号楼3层一单元301,裕龙花园六区,118.98㎡,3室1厅1卫,南北,3,,住宅,31211.00元/㎡,3713485.00元,2021年02月24日
246,顺义区馨港庄园三区20号楼2层二单元203:89.29(㎡),住宅用房,顺义区馨港庄园三区20号楼2层二单元203,馨港庄园三区,89.29㎡,2室2厅1卫,南北,2,,住宅,31996.00元/㎡,2856923.00元,2020年09月21日
247,顺义区马坡花园7号楼3至4层二单元301:252.88(㎡),住宅用房,顺义区马坡花园7号楼3至4层二单元301,马坡花园,252.88㎡,4室2厅2卫,南北,3,,住宅,27151.00元/㎡,6865945.00元,2021年03月15日
248,延庆区莲花苑小区12号楼5层110:106.29(㎡),住宅用房,延庆区莲花苑小区12号楼5层110,莲花苑小区,106.29㎡,2室1厅1卫,南北,5,,住宅,16598.00元/㎡,1764201.00元,2021年05月17日
250,房山区良乡行宫园二里1号楼5层7-502:95.99(㎡),住宅用房,房山区良乡行宫园二里1号楼5层7-502,行宫园二里,95.99㎡,3室1厅1卫,南北,5,,住宅,28636.00元/㎡,2748770.00元,2021年04月14日
251,房山区长阳镇嘉州水郡179号6层605:87.75(㎡),住宅用房,房山区长阳镇嘉州水郡179号6层605,加州水郡四期,87.75㎡,2室1厅1卫,西北,6,,住宅,27800.00元/㎡,2439450.00元,2021年11月16日
252,朝阳区望京西路50号院10号楼19至20层1单元2202号:132.25(㎡),住宅用房,朝阳区望京西路50号院10号楼19至20层1单元2202号,鹿港嘉苑,132.25㎡,2室2厅2卫,南向,19,,住宅,86946.00元/㎡,11498609.00元,2022年02月25日
253,石景山区海特花园5号楼6层4单元601号:115.2(㎡),住宅用房,石景山区海特花园5号楼6层4单元601号,石景山区海特花园5号楼,115.20㎡,3室1厅1卫,南北,6,,住宅,51612.00元/㎡,5945702.00元,2021年11月02日
254,石景山区碣石坪小区1号楼3层3单元302号:40.36(㎡),住宅用房,石景山区碣石坪小区1号楼3层3单元302号,碣石坪小区,40.36㎡,1室1厅1卫,南向,3,,住宅,56615.00元/㎡,2284981.00元,2021年12月21日
255,石景山区聚兴园5号楼3层4单元302:99.99(㎡),住宅用房,石景山区聚兴园5号楼3层4单元302,聚兴园小区,99.99㎡,2室1厅1卫,南北,3,,住宅,44108.00元/㎡,4410359.00元,2022年03月21日
256,石景山模式口南里28号楼11层3单元1102号:60.18(㎡),住宅用房,石景山模式口南里28号楼11层3单元1102号,石景山模式口南里28号楼,60.18㎡,2室1厅1卫,南向,11,,住宅,50240.00元/㎡,3023443.00元,2021年11月02日
257,通州区八里桥南街68号6号楼4层510:96.27(㎡),住宅用房,通州区八里桥南街68号6号楼4层510,通州区八里桥南街68号6号楼,96.27㎡,2室1厅1卫,西南,5,,住宅,32842.00元/㎡,3161699.00元,2021年11月08日
258,顺义区梅香街8号院1号楼8层1单元801:137.81(㎡),住宅用房,顺义区梅香街8号院1号楼8层1单元801,顺义区梅香街,137.81㎡,3室2厅2卫,南北,8,,住宅,30454.00元/㎡,4196866.00元,2021年11月19日
259,丰台区富锦嘉园四区6号楼1-601号:199.47(㎡),住宅用房,丰台区富锦嘉园四区6号楼1-601号,丰台区富锦嘉园四区,199.47㎡,5室2厅3卫,南北,6,,住宅,58044.00元/㎡,11578037.00元,2021年11月17日
260,北京市大兴区兴盛街187号院8号楼3层3-301:83.6(㎡),住宅用房,北京市大兴区兴盛街187号院8号楼3层3-301,北京市大兴区兴盛街187号院,83.60㎡,2室1厅1卫,南北,3,,住宅,66588.00元/㎡,5566757.00元,2021年06月03日
261,大兴区庞各庄镇隆盛西园10号楼6层601:118.44(㎡),住宅用房,大兴区庞各庄镇隆盛西园10号楼6层601,隆盛园,118.44㎡,3室1厅1卫,南北,6,,住宅,22201.00元/㎡,2629486.00元,2021年08月05日
262,大兴区育星苑16号楼3层3-302:90.73(㎡),住宅用房,大兴区育星苑16号楼3层3-302,育星苑小区,90.73㎡,2室1厅1卫,南北,3,,住宅,23381.00元/㎡,2121358.00元,2021年05月07日
263,6号楼1层二单元103:100.22(㎡),住宅用房,6号楼1层二单元103,上都首府家园,100.22㎡,2室1厅1卫,南向,1,,住宅,24801.00元/㎡,2485556.00元,2021年03月29日
264,北京市房山区房山城关北里2号楼3层3-303:71.47(㎡),住宅用房,北京市房山区房山城关北里2号楼3层3-303,北京市房山区房山城关北里,71.47㎡,2室1厅1卫,北向,3,,住宅,19539.00元/㎡,1396452.00元,2021年09月03日
265,北京市房山区汇丰街1号院4号楼9至10层4单元902:295.61(㎡),住宅用房,北京市房山区汇丰街1号院4号楼9至10层4单元902,世界名园D区,295.61㎡,6室4厅4卫,南北,9,,住宅,18613.00元/㎡,5502189.00元,2021年03月19日
266,昌平区北七家镇温泉花园B区C11号楼6层7单元761:119.73(㎡),住宅用房,昌平区北七家镇温泉花园B区C11号楼6层7单元761,温泉花园,119.73㎡,3室2厅2卫,南北,6,,住宅,29025.00元/㎡,3475163.00元,2021年10月19日
267,昌平区天泽苑16号楼12层1单元1201:106.21(㎡),住宅用房,昌平区天泽苑16号楼12层1单元1201,天泽苑小区,106.21㎡,2室1厅1卫,东向,12,,住宅,34167.00元/㎡,3628877.00元,2021年09月23日
268,北京市朝阳区光华路2号院2号楼7层808:171.9(㎡),住宅用房,北京市朝阳区光华路2号院2号楼7层808,光华路2号院,171.90㎡,3室2厅2卫,南向,7,,住宅,45951.00元/㎡,7898977.00元,2020年11月27日
269,北京市朝阳区北苑路13号院1号楼5层C单元510号:123.88(㎡),住宅用房,北京市朝阳区北苑路13号院1号楼5层C单元510号,北苑家园,123.88㎡,1室1厅1卫,西北,5,,住宅,47079.00元/㎡,5832147.00元,2020年11月13日
270,北京市朝阳区南湖东园108号楼6至7层9门602:186.97(㎡),住宅用房,北京市朝阳区南湖东园108号楼6至7层9门602,南湖东园108号楼,186.97㎡,4室3厅3卫,南北,6,,住宅,35068.00元/㎡,6556664.00元,2020年12月10日
271,北京市朝阳区建国路88号院7号楼36至37层4106:450.06(㎡),住宅用房,北京市朝阳区建国路88号院7号楼36至37层4106,建国路88号院,450.06㎡,6室3厅3卫,南北,36,,住宅,36808.00元/㎡,16565808.00元,2020年09月02日
272,北京市朝阳区慧忠北里314号楼6至7层608:206.06(㎡),住宅用房,北京市朝阳区慧忠北里314号楼6至7层608,天创世缘,206.06㎡,3室2厅3卫,西向,6,,住宅,69405.00元/㎡,14301594.00元,2021年09月01日
273,北京市朝阳区朝阳北路99号楼27层2单元3107:86.57(㎡),住宅用房,北京市朝阳区朝阳北路99号楼27层2单元3107,大悦城公寓,86.57㎡,3室1厅1卫,南向,27,,办公,33691.00元/㎡,2916630.00元,2020年12月24日
274,北京市朝阳区西坝河东里4号楼1层5门102:55.99(㎡),住宅用房,北京市朝阳区西坝河东里4号楼1层5门102,西坝河东里,55.99㎡,2室1厅1卫,南北,1,,住宅,59091.00元/㎡,3308505.00元,2021年01月14日
275,北京市海淀区万泉新新家园12号楼7层①-702:140.62(㎡),住宅用房,北京市海淀区万泉新新家园12号楼7层①-702,万泉新新家园,140.62㎡,1室1厅1卫,东南,7,,住宅,134103.00元/㎡,18857564.00元,2021年07月20日
276,北京市海淀区中关村东路1号院5号楼16层西楼1606:94.43(㎡),住宅用房,北京市海淀区中关村东路1号院5号楼16层西楼1606,北京市海淀区中关村东路1号院,94.43㎡,1室1厅1卫,东向,16,,高档公寓,86085.00元/㎡,8129007.00元,2020年12月10日
277,北京市海淀区冠城园之冠城北园3号楼17层三单元17B:340.2(㎡),住宅用房,北京市海淀区冠城园之冠城北园3号楼17层三单元17B,冠城北园,340.20㎡,4室2厅2卫,南北,17,,住宅,113281.00元/㎡,38538196.00元,2021年12月20日
278,北京市门头沟区滨河楼7号楼2层1单元4号:58.6(㎡),住宅用房,北京市门头沟区滨河楼7号楼2层1单元4号,滨河楼小区,58.60㎡,2室1厅1卫,东西,2,,住宅,30639.00元/㎡,1795445.00元,2021年12月24日
279,平谷区迎宾街1号院3号楼8层802:149.55(㎡),住宅用房,平谷区迎宾街1号院3号楼8层802,万德福广场,149.55㎡,3室2厅2卫,南北,8,,住宅,23697.00元/㎡,3543886.00元,2021年08月18日
280,房山区良乡镇罗府家园3号楼2单元1001号:91.33(㎡),住宅用房,房山区良乡镇罗府家园3号楼2单元1001号,罗府家园,91.33㎡,2室1厅1卫,东西,10,,住宅,29085.00元/㎡,2656333.00元,2021年09月22日
281,昌平区沙河镇豆各庄村碧水庄园三期39-6号:758.88(㎡),住宅用房,昌平区沙河镇豆各庄村碧水庄园三期39-6号,碧水庄园,758.88㎡,8室8厅4卫,南向,0,,别墅,78929.00元/㎡,59897640.00元,2021年06月16日
282,石景山区五里坨西小街7号院1号楼1层2单元101:63.15(㎡),住宅用房,石景山区五里坨西小街7号院1号楼1层2单元101,五里坨西小街,63.15㎡,2室1厅1卫,东西,1,,住宅,30998.00元/㎡,1957524.00元,2022年01月19日
283,石景山区海特花园44号楼5层505号:262.62(㎡),住宅用房,石景山区海特花园44号楼5层505号,海特花园,262.62㎡,3室1厅2卫,东北,5,,住宅,48639.00元/㎡,12773574.00元,2022年01月29日
284,北京市东城区广渠南水关胡同5号楼7层乙单元703:70.94(㎡),住宅用房,北京市东城区广渠南水关胡同5号楼7层乙单元703,南水关胡同,70.94㎡,2室1厅1卫,南向,7,,住宅,81779.00元/㎡,5801402.00元,2020年07月13日
285,北京市大兴区半壁店绿茵花园别墅如茵区11号1至2层全部:234.3(㎡),住宅用房,北京市大兴区半壁店绿茵花园别墅如茵区11号1至2层全部,绿茵花园,234.30㎡,4室1厅3卫,南北,1,,住宅,18372.00元/㎡,4304560.00元,2021年01月04日
286,北京市大兴区庞各庄镇隆盛西园7号楼1层2-101:82.74(㎡),住宅用房,北京市大兴区庞各庄镇隆盛西园7号楼1层2-101,北京市大兴区庞各庄镇隆盛西园,82.74㎡,2室1厅1卫,南北,1,,住宅,39061.00元/㎡,3231907.00元,2021年02月02日
287,北京市平谷区夏各庄镇夏各庄内环南路9号院4号楼6层3单元602:88.44(㎡),住宅用房,北京市平谷区夏各庄镇夏各庄内环南路9号院4号楼6层3单元602,由山由谷由山嘉园,88.44㎡,3室1厅1卫,南北,6,,住宅,19921.00元/㎡,1761813.00元,2021年07月28日
288,北京市东城区民主北街26号院2号楼6层20611:47.11(㎡),住宅用房,北京市东城区民主北街26号院2号楼6层20611,城市亮点,47.11㎡,1室1厅1卫,西向,6,,住宅,74384.00元/㎡,3504230.00元,2020年10月27日
289,丰台区方庄蒲芳路9号4号楼8层2-801:136.21(㎡),住宅用房,丰台区方庄蒲芳路9号4号楼8层2-801,GOGO新世代,136.21㎡,3室1厅2卫,南北,8,,住宅,71507.00元/㎡,9739968.00元,2021年06月16日
290,黄村镇林校北里甲1号2001号:101.8(㎡),住宅用房,黄村镇林校北里甲1号2001号,黄村镇林校北里甲1号,101.80㎡,2室1厅1卫,北向,20,,住宅,34295.00元/㎡,3491231.00元,2020年06月24日
291,北京市大兴区民顺路6号院4号楼2层2单元201:91.2(㎡),住宅用房,北京市大兴区民顺路6号院4号楼2层2单元201,金色漫香郡,91.20㎡,2室1厅1卫,南北,2,,住宅,31758.00元/㎡,2896330.00元,2021年10月13日
292,海鑫北路18号院,住宅用房,北京市大兴区海鑫北路18号院1号楼6层2单元601室,海鑫北路18号院,90.39㎡,2室2厅1卫,南北,6,,住宅,39176.00元/㎡,3541119.00元,2020年05月26日
293,大兴区育林街8号院3号楼10层1单元1001:128.21(㎡),住宅用房,大兴区育林街8号院3号楼10层1单元1001,大兴区育林街8号院3号楼,128.21㎡,3室1厅2卫,南北,10,,住宅,16604.00元/㎡,2128799.00元,2021年02月24日
294,大兴区香留园231号楼1至3层2:230.35(㎡),住宅用房,大兴区香留园231号楼1至3层2,香留园,230.35㎡,4室2厅1卫,南北,1,,住宅,37818.00元/㎡,8711376.00元,2020年12月09日
295,三合南里,住宅用房,北京市大兴区黄村镇三合南里26号楼2层2-202室,三合南里,95.57㎡,2室2厅1卫,南北,2,,住宅,40400.00元/㎡,3861028.00元,2020年05月26日
296,平谷区迎宾花园8号楼2至3层2单元201:167.95(㎡),住宅用房,平谷区迎宾花园8号楼2至3层2单元201,迎宾花园社区,167.95㎡,4室2厅3卫,南北,2,,住宅,22809.00元/㎡,3830772.00元,2020年05月21日
297,北京市延庆区康安小区4号楼2层一单元104:75.16(㎡),住宅用房,北京市延庆区康安小区4号楼2层一单元104,康安小区,75.16㎡,2室1厅1卫,南北,2,,住宅,21801.00元/㎡,1638563.00元,2021年11月12日
298,北京市房山区良乡地区体育场路6号3号楼3-401号:135.78(㎡),住宅用房,北京市房山区良乡地区体育场路6号3号楼3-401号,良乡地区体育场路6号3号楼3-401号,135.78㎡,3室2厅2卫,南北,4,,住宅,27554.00元/㎡,3741282.00元,2021年05月20日
299,昌平区北七家镇名佳花园三区41号楼4层2单元242:109.43(㎡),住宅用房,昌平区北七家镇名佳花园三区41号楼4层2单元242,名佳花园三区,109.43㎡,2室2厅1卫,南北,4,,住宅,37818.00元/㎡,4138424.00元,2021年07月21日
300,朝阳区南湖西园224号楼8层901:140.54(㎡),住宅用房,朝阳区南湖西园224号楼8层901,朝阳区南湖西园224号楼,140.54㎡,3室1厅2卫,西北,8,,住宅,81477.00元/㎡,11450778.00元,2021年08月26日
301,北京市朝阳区建国路18号院6号楼28层2801号:139.2(㎡),住宅用房,北京市朝阳区建国路18号院6号楼28层2801号,珠江绿洲家园,139.20㎡,3室1厅1卫,南向,28,,住宅,51785.00元/㎡,7208472.00元,2021年11月26日
302,北京市朝阳区朝阳公园路9号院2号楼5单元901号:389.4(㎡),住宅用房,北京市朝阳区朝阳公园路9号院2号楼5单元901号,朝阳公园路九号公寓,389.40㎡,4室3厅5卫,东向,8,,住宅,70957.00元/㎡,27630656.00元,2021年08月17日
303,北京市朝阳区林泉街8号院6号楼7层2单元701号:115(㎡),,北京市朝阳区林泉街8号院6号楼7层2单元701号,2、询价对象市场成交案例,115.00㎡,2室2厅2卫,南北,7,,住宅,74595.00元/㎡,8578425.00元,2020年04月22日
304,北京市朝阳区林泉街8号院6号楼7层2单元701号:115(㎡),,北京市朝阳区林泉街8号院6号楼7层2单元701号,2、询价对象市场成交案例,115.00㎡,2室2厅2卫,南北,7,,住宅,74595.00元/㎡,8578425.00元,2020年04月22日
305,北京市朝阳区潘家园南里2号楼5层1单元503:69.68(㎡),住宅用房,北京市朝阳区潘家园南里2号楼5层1单元503,北京市朝阳区潘家园南里2号楼5层1单元503,69.68㎡,2室1厅1卫,南北,5,,住宅,59232.00元/㎡,4127286.00元,2021年06月01日
306,北京市朝阳区百子园1号楼14层C单元12B04房屋:131.96(㎡),住宅用房,北京市朝阳区百子园1号楼14层C单元12B04房屋,后现代城,131.96㎡,3室1厅1卫,西南,14,,住宅,69121.00元/㎡,9121207.00元,2020年11月05日
307,北京市朝阳区百子湾路16号百子园6号楼15层D单元1502:51.07(㎡),住宅用房,北京市朝阳区百子湾路16号百子园6号楼15层D单元1502,后现代城B区,51.07㎡,1室1厅1卫,北向,15,,住宅,69629.00元/㎡,3555953.00元,2022年01月06日
308,朝阳区科荟路8号1号楼9层904:205.44(㎡),住宅用房,朝阳区科荟路8号1号楼9层904,北京荣尊堡国际俱乐部公寓,205.44㎡,4室2厅3卫,西南,9,,住宅,76988.00元/㎡,15816415.00元,2021年08月03日
309,海淀区上河村一区1号楼7层5单元702:178.74(㎡),住宅用房,海淀区上河村一区1号楼7层5单元702,鲁园上河村,178.74㎡,3室1厅2卫,南北,7,,住宅,131551.00元/㎡,23513426.00元,2022年03月31日
310,北京市海淀区大柳树富海中心4号楼12层1206:153.58(㎡),住宅用房,北京市海淀区大柳树富海中心4号楼12层1206,富海中心,153.58㎡,3室2厅2卫,南向,12,,住宅,100772.00元/㎡,15476564.00元,2021年12月07日
311,北京市海淀区建材城中路1号南12号楼3层4门302:160.23(㎡),住宅用房,北京市海淀区建材城中路1号南12号楼3层4门302,枫丹丽舍,160.23㎡,3室1厅1卫,南北,3,,住宅,85404.00元/㎡,13684283.00元,2022年04月01日
312,北京市海淀区板井路69号世纪金源国际公寓西区10层六单元11D:210.24(㎡),住宅用房,北京市海淀区板井路69号世纪金源国际公寓西区10层六单元11D,世纪金源国际公寓,210.24㎡,5室2厅2卫,南北,10,,住宅,68635.00元/㎡,14429822.00元,2021年08月03日
313,海淀区板井路69号世纪金源国际公寓西区14层六单元17A:245.79(㎡),住宅用房,海淀区板井路69号世纪金源国际公寓西区14层六单元17A,世纪金源国际公寓,245.79㎡,4室2厅2卫,西北,14,,住宅,70998.00元/㎡,17450598.00元,2021年08月24日
314,北京市海淀区芙蓉里南街6号1号楼2层201:144.94(㎡),住宅用房,北京市海淀区芙蓉里南街6号1号楼2层201,北京市海淀区芙蓉里南街6号,144.94㎡,3室1厅1卫,东北,2,,住宅,120555.00元/㎡,17473242.00元,2021年10月11日
315,海淀区蓟门里小区北5号楼4层3单元401:54.5(㎡),住宅用房,海淀区蓟门里小区北5号楼4层3单元401,蓟门里小区,54.50㎡,2室1厅1卫,南向,4,,住宅,95677.00元/㎡,5214397.00元,2022年03月14日
316,海淀区西直门北大街32号院5号楼9层1007:96.75(㎡),住宅用房,海淀区西直门北大街32号院5号楼9层1007,枫蓝国际公寓,96.75㎡,2室1厅1卫,西北,9,,住宅,66853.00元/㎡,6468028.00元,2020年12月16日
317,北京市海淀区颐泉家苑韶景居8号楼3层2单元301:377.11(㎡),住宅用房,北京市海淀区颐泉家苑韶景居8号楼3层2单元301,北京市海淀区颐泉家苑韶景居8号楼,377.11㎡,3室2厅4卫,南北,3,,住宅,92593.00元/㎡,34917746.00元,2021年08月26日
318,北京市石景山区玉泉西里二区18-1号楼3层3单元0302:109.61(㎡),住宅用房,北京市石景山区玉泉西里二区18-1号楼3层3单元0302,远洋山水,109.61㎡,2室1厅1卫,南北,3,,住宅,77032.00元/㎡,8443478.00元,2021年06月24日
319,西城区三里河路4号院1号楼5层2门12:57.8(㎡),住宅用房,西城区三里河路4号院1号楼5层2门12,西城区三里河路4号院1号楼5层2门12,57.80㎡,2室1厅1卫,南向,5,,住宅,76937.00元/㎡,4446959.00元,2020年12月24日
320,北京市通州区新华东街289号院3号楼10层1单元1002:231.39(㎡),住宅用房,北京市通州区新华东街289号院3号楼10层1单元1002,京杭府,231.39㎡,4室2厅3卫,东西,10,,住宅,50115.00元/㎡,11596110.00元,2021年06月25日
321,北京市通州区西富河园6号2号楼3层332:123.36(㎡),住宅用房,北京市通州区西富河园6号2号楼3层332,天赐良园东三期,123.36㎡,3室2厅2卫,南北,3,,住宅,32676.00元/㎡,4030911.00元,2021年02月07日
322,顺义区前进花园一区26号楼2层二单元202:92.94(㎡),住宅用房,顺义区前进花园一区26号楼2层二单元202,前进花园一区,92.94㎡,3室1厅1卫,南北,2,,住宅,34439.00元/㎡,3200761.00元,2021年06月29日
323,北京市顺义区安泰大街6号院15号楼13层3单元1301:113.06(㎡),住宅用房,北京市顺义区安泰大街6号院15号楼13层3单元1301,安泰大街6号院,113.06㎡,2室2厅2卫,南北,13,,住宅,36933.00元/㎡,4175645.00元,2021年09月13日
324,顺义区樱花园三区21号楼6层五单元601:105.87(㎡),住宅用房,顺义区樱花园三区21号楼6层五单元601,樱花园三区,105.87㎡,3室1厅2卫,南北,6,,住宅,31014.00元/㎡,3283452.00元,2021年03月09日
325,樱花园六区10号楼1层一单元101:92(㎡),住宅用房,樱花园六区10号楼1层一单元101,樱花园六区,92.00㎡,2室2厅1卫,南北,1,,住宅,30903.00元/㎡,2843076.00元,2021年09月03日
326,顺义区石园西区21号楼5层三单元501:72.35(㎡),住宅用房,顺义区石园西区21号楼5层三单元501,石园西区,72.35㎡,2室1厅1卫,南北,5,,住宅,36689.00元/㎡,2654449.00元,2021年03月19日
327,北京市顺义区站前街8号院7号楼15层1单元1701:164.46(㎡),住宅用房,北京市顺义区站前街8号院7号楼15层1单元1701,站前街8号院,164.46㎡,3室2厅1卫,南北,15,,住宅,44410.00元/㎡,7303669.00元,2021年08月16日
328,顺义区西辛南区37号楼3层八单元301:73.94(㎡),住宅用房,顺义区西辛南区37号楼3层八单元301,顺义区西辛南区,73.94㎡,2室1厅1卫,南北,3,,住宅,36130.00元/㎡,2671452.00元,2021年09月09日
329,北京市顺义区金宝花园58号楼1层58:343.22(㎡),住宅用房,北京市顺义区金宝花园58号楼1层58,金宝花园,343.22㎡,4室3厅3卫,南北,1,,别墅,34502.00元/㎡,11841776.00元,2021年05月07日
330,北京市顺义区顺恒大街7号院13号楼4至5层1单元401号:181.34(㎡),住宅用房,北京市顺义区顺恒大街7号院13号楼4至5层1单元401号,顺恒大街7号院,181.34㎡,4室2厅2卫,南北,4,,住宅,32328.00元/㎡,5862360.00元,2021年11月01日
331,顺义区马坡花园二区2号楼3层七单元301:81.72(㎡),住宅用房,顺义区马坡花园二区2号楼3层七单元301,马坡花园,81.72㎡,2室1厅1卫,南北,3,,住宅,31906.00元/㎡,2607358.00元,2021年12月03日
332,顺义区马坡花园二区4号楼5层三单元502:148.49(㎡),住宅用房,顺义区马坡花园二区4号楼5层三单元502,马坡花园,148.49㎡,3室2厅2卫,南北,5,,住宅,23622.00元/㎡,3507631.00元,2020年10月21日
333,房山区燕化星城健德四里2号楼24层2408:85.12(㎡),住宅用房,房山区燕化星城健德四里2号楼24层2408,燕化星城建德四里,85.12㎡,2室1厅1卫,南北,24,,住宅,26346.00元/㎡,2242572.00元,2021年07月26日
334,房山区长阳镇碧波园小区19号5层503:129.91(㎡),住宅用房,房山区长阳镇碧波园小区19号5层503,碧波园小区,129.91㎡,3室2厅2卫,南北,5,,住宅,20214.00元/㎡,2626001.00元,2020年12月08日
335,朝阳区大山子北里32号楼4层3门38:56.07(㎡),住宅用房,朝阳区大山子北里32号楼4层3门38,大山子北里,56.07㎡,2室1厅1卫,东向,4,,住宅,48004.00元/㎡,2691584.00元,2022年01月19日
336,丰台区帝京路1号1-481至2层全部:298.1(㎡),住宅用房,丰台区帝京路1号1-481至2层全部,帝京花园,298.10㎡,4室2厅3卫,南北,0,,住宅,64049.00元/㎡,19093007.00元,2020年10月15日
337,北京市平谷区渔阳花园2号楼28层2单元2801室,住宅用房,北京市平谷区渔阳花园2号楼28层2单元2801室,渔阳花园,133.63㎡,3室2厅2卫,南北,28,,住宅,26437.00元/㎡,3532776.00元,2022年03月11日
338,北京市平谷区渔阳花园2号楼28层2单元2803室,住宅用房,北京市平谷区渔阳花园2号楼28层2单元2803室,渔阳花园,134.87㎡,3室2厅2卫,南北,28,,住宅,26437.00元/㎡,3565558.00元,2022年03月13日
339,北京市平谷区迎宾花园6号楼3单元302:137.76(㎡),住宅用房,北京市平谷区迎宾花园6号楼3单元302,北京市平谷区迎宾花园小区,137.76㎡,3室1厅1卫,南北,4,,住宅,23616.00元/㎡,3253340.00元,2021年01月27日
340,房山区良乡地区隆曦园14号楼4层3-401:145.85(㎡),住宅用房,房山区良乡地区隆曦园14号楼4层3-401,隆曦园,145.85㎡,3室1厅2卫,南北,4,,住宅,23924.00元/㎡,3489315.00元,2021年12月13日
341,北京市朝阳区朝阳公园路9号院2号楼7单元501号:393.89(㎡),住宅用房,北京市朝阳区朝阳公园路9号院2号楼7单元501号,朝阳公园路九号公寓,393.89㎡,3室2厅4卫,东向,4,,住宅,70182.00元/㎡,27643988.00元,2021年08月17日
342,北京市海淀区上庄三嘉信苑14号楼3层3单元301:66.68(㎡),住宅用房,北京市海淀区上庄三嘉信苑14号楼3层3单元301,上庄三嘉信苑,66.68㎡,2室1厅1卫,南北,3,,住宅,50884.00元/㎡,3392945.00元,2021年10月14日
343,顺义区双阳东区2号楼3层2单元302:88.43(㎡),住宅用房,顺义区双阳东区2号楼3层2单元302,双阳东区,88.43㎡,2室1厅1卫,南北,3,,住宅,29317.00元/㎡,2592502.00元,2021年07月27日
344,顺义区金穗路2号院8号楼8层822:40.78(㎡),住宅用房,顺义区金穗路2号院8号楼8层822,顺义区金穗路2号院,40.78㎡,2室0厅1卫,西向,8,,办公,25152.00元/㎡,1025699.00元,2020年12月28日
345,顺义区马坡花园二区6号楼5层三单元501:148.92(㎡),住宅用房,顺义区马坡花园二区6号楼5层三单元501,马坡花园二区,148.92㎡,3室2厅2卫,南北,5,,住宅,27236.00元/㎡,4055985.00元,2021年04月02日
